scene,listener,system,MBSTOI
scene,listener,system,HASPI
scene,listener,system,HASPI
scene,listener,system,HASPI
scene,listener,system,HASPI
scene,listener,system,HASPI
S08510,L0239,E001,"[0.00559545767962428, 0.04756982793108022]"
scene,listener,system,HASPI
S08510,L0239,E001,"[0.005659534655796112, 0.048249435594643314]"
S08529,L0216,E001,"[0.009674659343540797, 0.7101804017524871]"
S08532,L0242,E001,"[0.016977922720845386, 0.012121650861315947]"
S08537,L0229,E001,"[0.010877580367320434, 0.29642130060468164]"
S08537,L0242,E001,"[0.007746869488505024, 0.10557951718561537]"
S08540,L0206,E001,"[0.01630189780896356, 0.0042162079392802886]"
S08540,L0212,E001,"[0.0047397975461140425, 0.15537318269576914]"
S08554,L0218,E001,"[0.007216938022169359, 0.8373592102660179]"
S08554,L0221,E001,"[0.009564403612926422, 0.9199453844935022]"
scene,listener,system,HASPI
S08510,L0239,E001,"[0.0056397096397476035, 0.04940481613523648]"
S08529,L0216,E001,"[0.009592708151788856, 0.7103134485259398]"
S08532,L0242,E001,"[0.017034931195461966, 0.012282369383193426]"
S08537,L0229,E001,"[0.01088348529883711, 0.29773217576959365]"
S08537,L0242,E001,"[0.007569942847119115, 0.10664678165866824]"
S08540,L0206,E001,"[0.016211870440477442, 0.00445936509218603]"
S08540,L0212,E001,"[0.004681972793002101, 0.15725453164219666]"
S08554,L0218,E001,"[0.007215153533233881, 0.8373067346153605]"
S08554,L0221,E001,"[0.009616895977890534, 0.9185906478124459]"
S08555,L0216,E001,"[0.00752276198563506, 0.5045060647864301]"
S08558,L0227,E001,"[0.0064723578251870625, 0.10854863169826998]"
S08561,L0239,E001,"[0.03936193782407505, 0.019492045174581408]"
S08566,L0218,E001,"[0.172042301746231, 0.1293225753701729]"
S08574,L0206,E001,"[0.04353215374540254, 0.00952660111614793]"
S08574,L0212,E001,"[0.014438347936760638, 0.253492082033705]"
S08575,L0240,E001,"[0.01275630299684743, 0.9386032434686895]"
S08576,L0229,E001,"[0.008360149806061824, 0.5707484672695771]"
S08578,L0224,E001,"[0.011958260417221906, 0.15582385427682907]"
S08579,L0219,E001,"[0.005588317198212416, 0.8377098244275575]"
S08579,L0225,E001,"[0.01956745697457995, 0.8183430706690992]"
S08582,L0215,E001,"[0.025175609173903924, 0.6653474787602971]"
S08594,L0225,E001,"[0.00823671071304129, 0.4333307836433947]"
S08594,L0231,E001,"[0.023329763756441465, 0.47250227299406894]"
S08600,L0227,E001,"[0.005299998486151999, 0.679884067563749]"
S08606,L0224,E001,"[0.0361027587592195, 0.7230174484846306]"
S08614,L0218,E001,"[0.005163253242938659, 0.9594540251715058]"
scene,listener,system,HASPI
S08510,L0239,E001,"[0.005620379023876626, 0.05018093167730916]"
S08529,L0216,E001,"[0.009740519951086084, 0.7089053596308972]"
S08532,L0242,E001,"[0.016762254686376484, 0.012197571412950938]"
S08537,L0229,E001,"[0.011005206701610764, 0.2970854500376412]"
S08537,L0242,E001,"[0.007342082690764614, 0.10703969055090906]"
S08540,L0206,E001,"[0.016438350824767925, 0.004316357318610597]"
S08540,L0212,E001,"[0.004703848862379692, 0.1558781660951758]"
scene,listener,system,HASPI
S08510,L0239,E001,"[0.19231780230172113, 0.04633471920229335]"
S08529,L0216,E001,"[0.4544060756421224, 0.7097414576706272]"
S08532,L0242,E001,"[0.006547409387544463, 0.01224023278580709]"
S08537,L0229,E001,"[0.05272169846307322, 0.2970451835525415]"
S08537,L0242,E001,"[0.07489764680294608, 0.10718446814254552]"
S08540,L0206,E001,"[0.016070943748885864, 0.0043613365473399775]"
S08540,L0212,E001,"[0.014056893593302627, 0.1579577701836363]"
S08554,L0218,E001,"[0.95731390286779, 0.8355446225121005]"
S08554,L0221,E001,"[0.9652187826653352, 0.9200865311330181]"
S08555,L0216,E001,"[0.8100386666803328, 0.5048401323434043]"
S08558,L0227,E001,"[0.004060628365229425, 0.10873912539422942]"
S08561,L0239,E001,"[0.07080092825478247, 0.020328308240016975]"
S08566,L0218,E001,"[0.0637219145473679, 0.12850065371167435]"
S08574,L0206,E001,"[0.2996505037998455, 0.01001473822953867]"
S08574,L0212,E001,"[0.24867914815033296, 0.2533720019927019]"
S08575,L0240,E001,"[0.835085311155142, 0.9387631005244453]"
S08576,L0229,E001,"[0.8994150821753644, 0.5686549111365742]"
S08578,L0224,E001,"[0.044513916171568524, 0.1534023012691975]"
S08579,L0219,E001,"[0.0061843405380277786, 0.8378872922826275]"
S08579,L0225,E001,"[0.9604971614776329, 0.817872763110448]"
S08582,L0215,E001,"[0.7133604956815571, 0.6662028725393387]"
S08594,L0225,E001,"[0.7003171863077101, 0.43545914691633386]"
S08594,L0231,E001,"[0.44481334699420383, 0.47075180857449966]"
S08600,L0227,E001,"[0.01381102251068422, 0.67209015626556]"
S08606,L0224,E001,"[0.5556439366807336, 0.7298438839386219]"
S08614,L0218,E001,"[0.8033847296912835, 0.9590600352403564]"
S08625,L0200,E001,"[0.4211322203906172, 0.1484567324102663]"
S08627,L0219,E001,"[0.05547460808146165, 0.41039892068245254]"
S08628,L0243,E001,"[0.6725754745602721, 0.4531317541733181]"
S08636,L0243,E001,"[0.8311653914310292, 0.9439694381894241]"
S08637,L0222,E001,"[0.6173271420243006, 0.7468398877328322]"
S08644,L0219,E001,"[0.03082706289831287, 0.6653585232207759]"
S08644,L0225,E001,"[0.6981556578994765, 0.7059546560307245]"
S08645,L0240,E001,"[0.9907071369957389, 0.8340200887078184]"
S08651,L0215,E001,"[0.8018278917850542, 0.6402033748771178]"
S08652,L0219,E001,"[0.0038759180439953624, 0.0245424930740929]"
S08653,L0231,E001,"[0.33214186872251944, 0.39828643828385685]"
S08658,L0239,E001,"[0.06113602991161753, 0.023265665455927082]"
S08660,L0231,E001,"[0.9666411883409587, 0.9179638466539164]"
S08682,L0217,E001,"[0.04543469748886818, 0.0040409185926921975]"
S08683,L0224,E001,"[0.04350789217243196, 0.06852584715503635]"
S08685,L0240,E001,"[0.00822722575620865, 0.30267675187855064]"
S08686,L0239,E001,"[0.3148483722537696, 0.06545382676304061]"
S08689,L0239,E001,"[0.6741157969974487, 0.5788176450762408]"
S08690,L0227,E001,"[0.0066693807246036236, 0.9886720967559862]"
S08702,L0201,E001,"[0.19649465049643555, 0.02120476782536861]"
S08703,L0229,E001,"[0.5128157117774867, 0.6208145555895517]"
S08707,L0215,E001,"[0.16738412524238727, 0.1834481295757876]"
S08710,L0243,E001,"[0.3292871622962175, 0.27359694686036706]"
S08723,L0201,E001,"[0.5111093936499131, 0.9676924440975421]"
S08725,L0217,E001,"[0.884357395999372, 0.004646866049784586]"
S08727,L0224,E001,"[0.10851710881501475, 0.10840736785591815]"
S08732,L0200,E001,"[0.11877527496976477, 0.045311608436755635]"
S08732,L0240,E001,"[0.4449734907751234, 0.12029098035842095]"
S08739,L0236,E001,"[0.04959318992961812, 0.1494578879336126]"
S08742,L0229,E001,"[0.9628357314245289, 0.9676665400806395]"
S08743,L0222,E001,"[0.996340162625597, 0.9805313522985344]"
S08745,L0218,E001,"[0.7014773402605449, 0.8089086980931677]"
S08745,L0221,E001,"[0.8226112388048195, 0.64009946404295]"
S08750,L0222,E001,"[0.352093285390168, 0.21160544879170864]"
S08751,L0229,E001,"[0.32592910646817636, 0.3079826555205388]"
S08752,L0209,E001,"[0.054422176009910235, 0.2931365877136182]"
S08753,L0219,E001,"[0.005321702901097764, 0.13337337892062176]"
S08753,L0225,E001,"[0.11970995296934701, 0.1750551551225188]"
S08759,L0216,E001,"[0.0713518459476667, 0.15598416969965975]"
S08765,L0201,E001,"[0.9749527693192368, 0.9917602645912947]"
S08766,L0201,E001,"[0.6882438138833508, 0.3760550298249006]"
S08767,L0206,E001,"[0.11069517884266483, 0.0039923199045507835]"
S08778,L0212,E001,"[0.6178404391968475, 0.5138666885037955]"
S08778,L0221,E001,"[0.4551593069747266, 0.5328139524354442]"
S08779,L0212,E001,"[0.8239089152421168, 0.44149815247487434]"
S08779,L0221,E001,"[0.828661418301583, 0.24546149406309156]"
S08780,L0206,E001,"[0.9569093850047464, 0.006623341082244837]"
S08780,L0212,E001,"[0.7598741069009453, 0.7961118287529965]"
S08781,L0201,E001,"[0.1009655961516182, 0.22145002549885426]"
S08782,L0243,E001,"[0.5962327867158175, 0.5345098472843263]"
S08785,L0224,E001,"[0.5765511804719826, 0.7909886266027986]"
S08790,L0240,E001,"[0.7404831577620594, 0.9498217244597306]"
S08791,L0200,E001,"[0.4025929047987876, 0.006258160011343098]"
S08791,L0240,E001,"[0.9641812372686349, 0.9142060936168528]"
S08793,L0217,E001,"[0.5384499556872195, 0.005403283668014474]"
S08794,L0216,E001,"[0.8020313631102002, 0.673914196439397]"
S08798,L0229,E001,"[0.030250907608298544, 0.10162249525733505]"
S08800,L0243,E001,"[0.11808653011546118, 0.13865293642698825]"
S08809,L0224,E001,"[0.01307374575687117, 0.0064491193914391854]"
S08816,L0215,E001,"[0.361543907106381, 0.36929336720302736]"
S08817,L0243,E001,"[0.08860226827405654, 0.41690068078153]"
S08818,L0227,E001,"[0.004548635437571394, 0.9229908101822958]"
S08820,L0212,E001,"[0.528054909776152, 0.4298803843668786]"
S08820,L0221,E001,"[0.5877509710917994, 0.6100240417047974]"
S08836,L0242,E001,"[0.2820443974388238, 0.7818802242321026]"
S08837,L0243,E001,"[0.19297702920171597, 0.9468663529835468]"
S08843,L0215,E001,"[0.2798863537451693, 0.2465736177964751]"
S08844,L0219,E001,"[0.006146532147108722, 0.9227742205782189]"
S08844,L0225,E001,"[0.848906940130566, 0.8271757289967108]"
S08853,L0219,E001,"[0.01214473793674907, 0.9832001610984594]"
S08862,L0217,E001,"[0.4064606153920552, 0.005659853263391165]"
S08869,L0206,E001,"[0.9980861330503044, 0.03798749856643232]"
S08875,L0239,E001,"[0.007180668879240208, 0.013509598865448356]"
S08887,L0218,E001,"[0.08376353659867042, 0.06346060937117153]"
S08887,L0221,E001,"[0.025155737897122377, 0.05535564609912087]"
S08889,L0200,E001,"[0.9680268513114197, 0.02645604977895641]"
S08889,L0240,E001,"[0.9989478869546734, 0.9331256597904137]"
S08890,L0216,E001,"[0.27535162197166946, 0.06125582644857234]"
S08895,L0236,E001,"[0.005637604560710204, 0.008246141172659534]"
S08901,L0224,E001,"[0.293252391632674, 0.5883407392854453]"
S08903,L0222,E001,"[0.11986227128334159, 0.018576094848865604]"
S08905,L0225,E001,"[0.40805129337010027, 0.377380370399604]"
S08905,L0231,E001,"[0.24979213398849465, 0.427287179862863]"
S08911,L0243,E001,"[0.18683414319420377, 0.2562807366968787]"
S08916,L0236,E001,"[0.11348251631346497, 0.6262522145488876]"
S08922,L0236,E001,"[0.1579576062778626, 0.8388285856327686]"
S08923,L0236,E001,"[0.02527309323495742, 0.3667728792750038]"
S08929,L0243,E001,"[0.06099971726252723, 0.1685424969927731]"
S08931,L0217,E001,"[0.8233442041122319, 0.004517696905762724]"
S08935,L0216,E001,"[0.07302136246814017, 0.01636173140526815]"
S08939,L0222,E001,"[0.3064710831304858, 0.40107657142823927]"
S08943,L0201,E001,"[0.2713386988430609, 0.4085394054226346]"
S08949,L0231,E001,"[0.352528388459082, 0.3421865930857689]"
S08950,L0231,E001,"[0.5222856578418907, 0.7578041741124347]"
S08952,L0215,E001,"[0.3038491513839645, 0.5564580780528166]"
S08956,L0242,E001,"[0.03815539858548206, 0.43662940677608125]"
S08959,L0218,E001,"[0.31338757170050296, 0.4445915592911596]"
S08959,L0221,E001,"[0.24262253746966717, 0.48919890890242534]"
S08961,L0209,E001,"[0.5142397138205732, 0.7762937868067024]"
S08965,L0219,E001,"[0.00421607169115287, 0.013175271706140726]"
S08965,L0225,E001,"[0.035060025900252485, 0.016406571371373056]"
S08973,L0201,E001,"[0.07715155085362, 0.22022835658936465]"
S08976,L0206,E001,"[0.26351091418272304, 0.054174948441528085]"
S08977,L0243,E001,"[0.44407228821197253, 0.2129356985951376]"
S08979,L0206,E001,"[0.748464098734747, 0.00599743755307238]"
S08979,L0212,E001,"[0.779714791364524, 0.8003783363935189]"
S08980,L0242,E001,"[0.1410252821400763, 0.5309099178809397]"
S08983,L0227,E001,"[0.005144216136851377, 0.4789358174378317]"
S08987,L0206,E001,"[0.013132524204845297, 0.004335942481997679]"
S08993,L0200,E001,"[0.2135488970063375, 0.03828643162456729]"
S08993,L0240,E001,"[0.18688739226021933, 0.36130166248703116]"
S08998,L0224,E001,"[0.10195340909522775, 0.22086306398941133]"
S09011,L0209,E001,"[0.8021901875873649, 0.7337652281027134]"
S09018,L0215,E001,"[0.7190697157296404, 0.47303976699961975]"
S09029,L0209,E001,"[0.6299828569957819, 0.7868757715283932]"
S09030,L0243,E001,"[0.5684433948578934, 0.4242381697722954]"
S09034,L0216,E001,"[0.17709851176308117, 0.2036037575161988]"
S09040,L0231,E001,"[0.06563419907223819, 0.10699848364095443]"
S09047,L0224,E001,"[0.1292430201090087, 0.594481863132236]"
S09049,L0222,E001,"[0.553441577544428, 0.8064778372881239]"
S09061,L0243,E001,"[0.8615701138772404, 0.964902654003765]"
S09065,L0222,E001,"[0.28067327266471137, 0.234158740888576]"
S09067,L0201,E001,"[0.3448295007787108, 0.3079253082648062]"
S09069,L0217,E001,"[0.8677991787173112, 0.005655441472895145]"
S09071,L0215,E001,"[0.49440123867176133, 0.7266619450973494]"
S09073,L0200,E001,"[0.48098515740071374, 0.3925226802403659]"
S09073,L0240,E001,"[0.8851006546042183, 0.908260759844291]"
S09080,L0216,E001,"[0.33603758549064033, 0.5545449619993876]"
S09086,L0222,E001,"[0.07838409521098441, 0.013117615679780129]"
S09088,L0206,E001,"[0.006384500018990893, 0.0048345777009058104]"
S09088,L0212,E001,"[0.005876179916875944, 0.009532638623478203]"
S09092,L0200,E001,"[0.17475694414193046, 0.06485788238110832]"
S09092,L0240,E001,"[0.3533409195659085, 0.5724983367093951]"
S09094,L0239,E001,"[0.5273195763542304, 0.042576560659689046]"
S09101,L0217,E001,"[0.6828416876252923, 0.00527458205350117]"
S09107,L0239,E001,"[0.1745900114843288, 0.0758038493872914]"
S09111,L0227,E001,"[0.005063672572312167, 0.07067871880646598]"
S09128,L0240,E001,"[0.8592238941445937, 0.338063934419824]"
S09136,L0224,E001,"[0.09059989723925793, 0.13527436670290904]"
S09140,L0206,E001,"[0.6990498131263337, 0.035150254004183264]"
S09140,L0212,E001,"[0.4567508068760661, 0.6782098371188328]"
S09142,L0243,E001,"[0.06142692968298686, 0.21957702931879863]"
S09144,L0224,E001,"[0.04234329442218241, 0.04404283200741026]"
S09154,L0224,E001,"[0.02132799294594183, 0.09781787305548549]"
S09155,L0206,E001,"[0.2911495327557435, 0.005232772359421195]"
S09156,L0236,E001,"[0.07245009917510803, 0.3128299336515276]"
S09158,L0218,E001,"[0.13985474133308698, 0.12857015387750345]"
S09161,L0216,E001,"[0.8301963745071599, 0.6967512914224427]"
S09164,L0239,E001,"[0.1965335289389978, 0.036372680002917074]"
S09175,L0200,E001,"[0.5077979494353999, 0.11207819969471255]"
S09175,L0240,E001,"[0.8450210795892793, 0.8748198829496919]"
S09181,L0219,E001,"[0.006359624286981316, 0.4139796382875663]"
S09181,L0225,E001,"[0.6823308839998872, 0.4831406202934912]"
S09188,L0215,E001,"[0.7458414049425333, 0.27235466241571554]"
S09193,L0216,E001,"[0.29098979320477547, 0.49334975902706657]"
S09196,L0215,E001,"[0.29130188941439, 0.03354946084739313]"
S09199,L0239,E001,"[0.812503007271311, 0.5108344213827072]"
S09203,L0206,E001,"[0.9790242774160954, 0.037295561663221545]"
S09208,L0239,E001,"[0.01709840904316492, 0.09123848156287036]"
S09209,L0225,E001,"[0.25567013406205535, 0.8621325822555854]"
S09209,L0231,E001,"[0.1869963998529949, 0.8852313584004798]"
S09214,L0200,E001,"[0.7412436089316559, 0.20759976941351518]"
S09228,L0219,E001,"[0.03127131006614962, 0.763698987719225]"
S09231,L0227,E001,"[0.003911817934632274, 0.009045441358634027]"
S09245,L0206,E001,"[0.7102895339912884, 0.009139793261352166]"
S09245,L0212,E001,"[0.6797284802707804, 0.36157918946420814]"
S09246,L0224,E001,"[0.005921788662798859, 0.17594179092303588]"
S09248,L0201,E001,"[0.5788488155904, 0.06074957028298952]"
S09250,L0212,E001,"[0.3028640162520951, 0.10979080754235006]"
S09250,L0221,E001,"[0.11748275442648476, 0.09630018769851474]"
S09255,L0217,E001,"[0.01210918423750577, 0.004257064093804243]"
S09259,L0209,E001,"[0.21851000695735007, 0.4574335262099743]"
S09261,L0201,E001,"[0.8657019977749144, 0.9789064537571858]"
S09265,L0243,E001,"[0.2923748059590497, 0.668533422524965]"
S09270,L0218,E001,"[0.9092508941269162, 0.9275533894506022]"
S09270,L0221,E001,"[0.8243772372369248, 0.8510981326844219]"
S09271,L0206,E001,"[0.8139755964124334, 0.048914260534359155]"
S09271,L0212,E001,"[0.7469249219592066, 0.8397500329230987]"
S09276,L0200,E001,"[0.35008642235072057, 0.01190793188208729]"
S09277,L0243,E001,"[0.018386898571696796, 0.03544219847572764]"
S09280,L0243,E001,"[0.29688159824383, 0.9138643449895957]"
S09281,L0227,E001,"[0.004504310894669003, 0.35501272456029426]"
S09282,L0209,E001,"[0.784972119734688, 0.8344917783142934]"
S09288,L0216,E001,"[0.6539513588709962, 0.7945221387513657]"
S09297,L0227,E001,"[0.04298903095820421, 0.8764161164734584]"
S09298,L0206,E001,"[0.40219438997388157, 0.01357701883912255]"
S09308,L0243,E001,"[0.7949088122553327, 0.6311569785613615]"
S09314,L0216,E001,"[0.32307938591188434, 0.27442027237289474]"
S09317,L0200,E001,"[0.3244539025081032, 0.12158073222117219]"
S09317,L0240,E001,"[0.7016659613850936, 0.6784499507938413]"
S09321,L0216,E001,"[0.7065368309981375, 0.9193807391107448]"
S09325,L0215,E001,"[0.2940505363128979, 0.5560695484588073]"
S09328,L0216,E001,"[0.8602990712976235, 0.6712697466747973]"
S09329,L0209,E001,"[0.39920411579157056, 0.6554920207909325]"
S09332,L0209,E001,"[0.900142581804029, 0.6680429757556973]"
S09338,L0227,E001,"[0.004781285209704676, 0.169150549715169]"
S09339,L0224,E001,"[0.46914368345229346, 0.2926478291003073]"
S09341,L0239,E001,"[0.03904122133747591, 0.005887077193518053]"
S09342,L0243,E001,"[0.17160169146897708, 0.09782600352999458]"
S09345,L0215,E001,"[0.12357386072971449, 0.2825274611453721]"
S09346,L0219,E001,"[0.035402882188016994, 0.5914081436047516]"
S09350,L0229,E001,"[0.6880962333836754, 0.3756956012618764]"
S09350,L0242,E001,"[0.20337758111542323, 0.0555657244578024]"
S09351,L0229,E001,"[0.3310111467814919, 0.31288946528319866]"
S09351,L0242,E001,"[0.21648295089631178, 0.23823697388812498]"
S09352,L0229,E001,"[0.3482988527812337, 0.9129304537043339]"
S09352,L0242,E001,"[0.0636934557143364, 0.19570495092377072]"
S09363,L0227,E001,"[0.005602685774436744, 0.3130069460061981]"
S09365,L0243,E001,"[0.08117943320162724, 0.3438234681171769]"
S09366,L0215,E001,"[0.15060381837495695, 0.033361559649840784]"
S09377,L0216,E001,"[0.03985162792407988, 0.21209353488710547]"
S09380,L0239,E001,"[0.20095632731706384, 0.252816799834823]"
S09382,L0218,E001,"[0.23677535641924544, 0.6021571312815911]"
S09382,L0221,E001,"[0.043747237665231455, 0.7394397362802403]"
S09386,L0225,E001,"[0.6903883060791078, 0.3233333027625511]"
S09386,L0231,E001,"[0.602521366536665, 0.5272532532740216]"
S09387,L0225,E001,"[0.29432221327772273, 0.1572061217984719]"
S09387,L0231,E001,"[0.02264739910375907, 0.11760668589826327]"
S09396,L0216,E001,"[0.3785494814148004, 0.5101202874823371]"
S09397,L0206,E001,"[0.8485859591646231, 0.004355770615186676]"
S09398,L0239,E001,"[0.34777362091906566, 0.05953473911818588]"
S09402,L0201,E001,"[0.5926636353731068, 0.7779357658728526]"
S09406,L0222,E001,"[0.057549878465627084, 0.1268730503375585]"
S09426,L0225,E001,"[0.04974191750265648, 0.018209662105122325]"
S09426,L0231,E001,"[0.03729990565666604, 0.01787145212947567]"
S09438,L0218,E001,"[0.5544643699465529, 0.5718194596252489]"
S09438,L0221,E001,"[0.5576149703550244, 0.41385181873743937]"
S09446,L0222,E001,"[0.550575901599014, 0.9248663584128828]"
S09450,L0231,E001,"[0.13081188279446332, 0.1510268164832335]"
S09451,L0216,E001,"[0.12876447100186367, 0.1635615902967797]"
S09452,L0201,E001,"[0.9625666448956033, 0.9571155620488532]"
S09455,L0222,E001,"[0.30117983854418806, 0.5482937158695105]"
S09459,L0219,E001,"[0.011143640682831763, 0.3882042069210756]"
S09470,L0239,E001,"[0.10615031360472832, 0.20445321644798184]"
S09474,L0229,E001,"[0.8125040455532169, 0.8290047652334135]"
S09474,L0242,E001,"[0.16121546058216504, 0.4910395955987949]"
S09480,L0209,E001,"[0.3312237161666815, 0.058289272386951745]"
S09483,L0229,E001,"[0.10680950900006345, 0.3101251433609253]"
S09483,L0242,E001,"[0.00826881716733418, 0.07235805561017813]"
S09485,L0200,E001,"[0.5260046967944201, 0.07130446188681804]"
S09485,L0240,E001,"[0.5118814148068627, 0.5679464592990006]"
S09488,L0218,E001,"[0.4752221859551256, 0.491339761894586]"
S09488,L0221,E001,"[0.5043054032106569, 0.18314618327520626]"
S09500,L0218,E001,"[0.11229191901571685, 0.10096414483046248]"
S09502,L0242,E001,"[0.017217732402130172, 0.005739084272267591]"
S09509,L0231,E001,"[0.2949061898932936, 0.9599728518495202]"
S09510,L0222,E001,"[0.12118529076400074, 0.24273421219479036]"
S09515,L0216,E001,"[0.7836790282016648, 0.6697057533510431]"
S09519,L0219,E001,"[0.08959208355583755, 0.9659553849210203]"
S09519,L0225,E001,"[0.9650294165652898, 0.9764712830808465]"
S09525,L0224,E001,"[0.27323431699952766, 0.31213882609125393]"
S09532,L0222,E001,"[0.041083523432508234, 0.03963501246145261]"
S09533,L0215,E001,"[0.8871746797566116, 0.5224405203004328]"
S09540,L0219,E001,"[0.008740309675270742, 0.7656422900081646]"
S09543,L0227,E001,"[0.010248603142483931, 0.06108291373602107]"
S09546,L0217,E001,"[0.04238655711687289, 0.004216711572976972]"
S09553,L0240,E001,"[0.4693554935446554, 0.24472245401830134]"
S09554,L0239,E001,"[0.5089903755851294, 0.0291250530661662]"
S09564,L0224,E001,"[0.28177791681633996, 0.6552167774850147]"
S09569,L0227,E001,"[0.0045722145758379995, 0.224865593373982]"
S09571,L0206,E001,"[0.8480521353487123, 0.035100053641548536]"
S09571,L0212,E001,"[0.7262594099656507, 0.7104951059777526]"
S09573,L0229,E001,"[0.07341577905484835, 0.041956478945104216]"
S09574,L0225,E001,"[0.6040774630919876, 0.44800822058054435]"
S09574,L0231,E001,"[0.7460585879261994, 0.5894171123806695]"
S09577,L0239,E001,"[0.5392485677371429, 0.23921822640444995]"
S09579,L0229,E001,"[0.2833054209847602, 0.33803462150435887]"
S09579,L0242,E001,"[0.03395528034097781, 0.2883684216507071]"
S09580,L0225,E001,"[0.6970212293169117, 0.5948405453931325]"
S09580,L0231,E001,"[0.421310771924085, 0.6255121175152228]"
S09581,L0222,E001,"[0.8035021993953435, 0.7489612816570553]"
S09586,L0239,E001,"[0.8175895090707488, 0.552078656508998]"
S09587,L0229,E001,"[0.6973962544577031, 0.6508348031798963]"
S09587,L0242,E001,"[0.19597842690159029, 0.31634730148992507]"
S09589,L0218,E001,"[0.7088439739378001, 0.5503111942932191]"
S09596,L0224,E001,"[0.37569494975924056, 0.909755300460963]"
S09606,L0224,E001,"[0.004350682595511871, 0.005941389512644584]"
S09613,L0225,E001,"[0.6647037071364241, 0.284358156421033]"
S09613,L0231,E001,"[0.014520626109971051, 0.3413001868172166]"
S09615,L0227,E001,"[0.004539123161623761, 0.8561991515258757]"
S09616,L0217,E001,"[0.7995186706464276, 0.004565058462807207]"
S09620,L0242,E001,"[0.26564603364717293, 0.3208880850018057]"
S09625,L0217,E001,"[0.8099905245619718, 0.005381842293567373]"
S09626,L0243,E001,"[0.19495866214000795, 0.6580505010435623]"
S09627,L0219,E001,"[0.006009818809023273, 0.8553785449350461]"
S09628,L0206,E001,"[0.48039445136047665, 0.0040418253124837825]"
S09628,L0212,E001,"[0.15791102216242972, 0.2857817671654539]"
S09634,L0240,E001,"[0.25120886508259166, 0.32583667660296595]"
S09637,L0242,E001,"[0.011684001046292355, 0.32489094494779036]"
S09641,L0227,E001,"[0.00654910916645657, 0.6879846334835772]"
S09646,L0201,E001,"[0.5551490797478446, 0.34187458439820684]"
S09649,L0201,E001,"[0.868001580200464, 0.9914665150678768]"
S09655,L0219,E001,"[0.006161796651939164, 0.02912950165950383]"
S09655,L0225,E001,"[0.12663816194736616, 0.048679039113981915]"
S09666,L0216,E001,"[0.4114644123861308, 0.4866773491976205]"
S09669,L0225,E001,"[0.6991090351077621, 0.8239125712550416]"
S09669,L0231,E001,"[0.774226256082352, 0.8222646612035652]"
S09670,L0201,E001,"[0.9042903354790907, 0.9714463817222139]"
S09673,L0200,E001,"[0.08512861665352224, 0.1741090456646941]"
S09673,L0240,E001,"[0.12698618717661328, 0.30827318617584165]"
S09676,L0229,E001,"[0.9971966500722192, 0.9999420807906528]"
S09677,L0236,E001,"[0.06899317199720571, 0.010212893217041993]"
S09678,L0209,E001,"[0.4178089660633122, 0.39430745816721713]"
S09681,L0227,E001,"[0.008211291276857866, 0.442119352439127]"
S09684,L0227,E001,"[0.004212681654563223, 0.03503135061366434]"
S09689,L0209,E001,"[0.19932373941205328, 0.16423633687200345]"
S09704,L0217,E001,"[0.9300521745162038, 0.004852108762235974]"
S09707,L0201,E001,"[0.007377376721590999, 0.01103515030873479]"
S09714,L0212,E001,"[0.8428769145944006, 0.921907117067364]"
S09714,L0221,E001,"[0.8559000162141812, 0.9434246845432118]"
S09715,L0219,E001,"[0.041167616189562724, 0.03641812882460425]"
S09715,L0225,E001,"[0.11866653411927917, 0.03832391816103637]"
S09716,L0227,E001,"[0.0055470495130033656, 0.9146545512873614]"
S09719,L0236,E001,"[0.00537758198822453, 0.004996619699310565]"
S09733,L0224,E001,"[0.45684591828862037, 0.45071344177493]"
S09740,L0201,E001,"[0.18511128090261225, 0.4079949465560765]"
S09752,L0243,E001,"[0.26427213808292394, 0.22158069879112086]"
S09753,L0243,E001,"[0.04782539542007692, 0.09685188834664278]"
S09754,L0236,E001,"[0.025908445037006466, 0.1459413846864861]"
S09759,L0229,E001,"[0.23201859672339228, 0.27250684624439664]"
S09765,L0227,E001,"[0.008689373902441877, 0.06598740204174854]"
S09767,L0209,E001,"[0.28965213912393295, 0.6915431353009153]"
S09770,L0243,E001,"[0.04769678425852993, 0.053697701554157526]"
S09776,L0217,E001,"[0.05473955579971185, 0.0081910435377078]"
S09793,L0215,E001,"[0.09312133824651414, 0.27637627528373737]"
S09803,L0222,E001,"[0.2629761222985971, 0.034240408942047856]"
S09811,L0216,E001,"[0.22387665727504688, 0.161298042401303]"
S09818,L0236,E001,"[0.07581161101204503, 0.10135916734135542]"
S09819,L0218,E001,"[0.5810599844785709, 0.5101871061436838]"
S09819,L0221,E001,"[0.5989520054358475, 0.5011052739142579]"
S09824,L0212,E001,"[0.6965842604546568, 0.738743945775988]"
S09824,L0221,E001,"[0.6155671756375846, 0.749878690811234]"
S09827,L0229,E001,"[0.8449284758637751, 0.7266072004583423]"
S09830,L0222,E001,"[0.017699813096297614, 0.611419493177554]"
S09833,L0216,E001,"[0.582200474051797, 0.5038744052905706]"
S09837,L0219,E001,"[0.010614968768450772, 0.8690299706704528]"
S09837,L0225,E001,"[0.9609077177504733, 0.8752943848284639]"
S09841,L0206,E001,"[0.057213236009689736, 0.005027126382103219]"
S09844,L0215,E001,"[0.14999069836269519, 0.04540867959616053]"
S09846,L0218,E001,"[0.35747667232594116, 0.1557657087817023]"
S09856,L0227,E001,"[0.004796176456838592, 0.07773377764411714]"
S09857,L0225,E001,"[0.9800738573334116, 0.9621092940629039]"
S09857,L0231,E001,"[0.772325002393458, 0.9699114486843251]"
S09860,L0215,E001,"[0.5604673684700796, 0.6715429291448016]"
S09861,L0236,E001,"[0.05926919404738054, 0.21762869319970754]"
S09862,L0201,E001,"[0.9893169629781767, 0.9956631788599383]"
S09865,L0215,E001,"[0.8080020817794124, 0.5355414490852574]"
S09866,L0200,E001,"[0.5144814709884624, 0.24252829191564154]"
S09870,L0216,E001,"[0.5501605741403999, 0.6599882702303367]"
S09877,L0236,E001,"[0.1253221289774121, 0.10603332131210833]"
S09884,L0215,E001,"[0.40722115597120306, 0.41754651293491996]"
S09892,L0215,E001,"[0.6746008314166034, 0.9775309913139066]"
S09893,L0240,E001,"[0.5458480104711537, 0.6254558273855125]"
S09894,L0200,E001,"[0.21798048712928375, 0.04661302723879368]"
S09894,L0240,E001,"[0.8323467436226459, 0.6465108042101505]"
S09899,L0227,E001,"[0.004269844025853669, 0.9169455082946166]"
S09900,L0206,E001,"[0.21211487795375383, 0.023492534965769255]"
S09903,L0212,E001,"[0.13542723934671533, 0.08765745931672064]"
S09903,L0221,E001,"[0.21762427098363213, 0.17394867604282815]"
S09904,L0215,E001,"[0.09777567373721645, 0.3765627697152079]"
S09907,L0201,E001,"[0.01797529129880087, 0.01205689845063568]"
S09908,L0224,E001,"[0.1907647985762511, 0.24246718702497425]"
S09911,L0236,E001,"[0.00699890170704778, 0.2277251915463146]"
S09913,L0217,E001,"[0.43949821705957126, 0.007167036440659193]"
S09919,L0242,E001,"[0.031122165711786377, 0.7258124322968831]"
S09922,L0231,E001,"[0.00525917192151346, 0.008363800205547193]"
S09923,L0219,E001,"[0.006980537099976306, 0.5256833290845562]"
S09928,L0216,E001,"[0.4197203922218867, 0.27399110298190693]"
S09934,L0229,E001,"[0.13227567618919922, 0.05462952487084279]"
S09934,L0242,E001,"[0.04340300670257056, 0.031038821413644942]"
S09945,L0224,E001,"[0.04875496304976071, 0.049770151834794316]"
S09951,L0239,E001,"[0.3508637021177348, 0.16275791627144634]"
S09952,L0219,E001,"[0.010945049364655547, 0.6488488779908952]"
S09952,L0225,E001,"[0.22712430995033123, 0.6577631430653468]"
S09961,L0231,E001,"[0.6589378329357302, 0.600204801776166]"
S09969,L0243,E001,"[0.5535924501051348, 0.5894861563021936]"
S09971,L0219,E001,"[0.06635228573990669, 0.2229497213450542]"
S09972,L0206,E001,"[0.8674068467511509, 0.01367574834332984]"
S10000,L0236,E001,"[0.005392713375520197, 0.08995648447371649]"
S08508,L0243,E003,"[0.8527410828018271, 0.7558985692657271]"
S08510,L0219,E003,"[0.501419490945859, 0.7818167995730172]"
S08510,L0225,E003,"[0.7889707223951326, 0.8257657966783337]"
S08512,L0212,E003,"[0.3914765552550416, 0.92237753586258]"
S08512,L0221,E003,"[0.5859786775604827, 0.932652746161215]"
S08529,L0224,E003,"[0.8654438086261198, 0.9240614392561235]"
S08532,L0236,E003,"[0.3805482650553287, 0.5405658919982557]"
S08540,L0215,E003,"[0.13323775955705436, 0.27838693835765055]"
S08546,L0212,E003,"[0.8130499092054995, 0.6085734090351442]"
S08546,L0221,E003,"[0.7442149829818242, 0.607468762433413]"
S08554,L0201,E003,"[0.15294235440186005, 0.6537835710286396]"
S08558,L0242,E003,"[0.8062553726474931, 0.8198029029589217]"
S08561,L0219,E003,"[0.5955766892250532, 0.99783450251179]"
S08566,L0206,E003,"[0.9193157074785524, 0.8885169538713982]"
S08574,L0215,E003,"[0.26735038451329185, 0.41020598358604543]"
S08576,L0217,E003,"[0.9340680303992691, 0.060548828495002774]"
S08578,L0200,E003,"[0.7150697028959114, 0.601847148507959]"
S08578,L0240,E003,"[0.8942449665913262, 0.9926402926519555]"
S08579,L0216,E003,"[0.7529910183810611, 0.7828192948428061]"
S08582,L0229,E003,"[0.981954752875224, 0.9355446588601847]"
S08590,L0240,E003,"[0.9746981261954111, 0.8948579316488913]"
S08600,L0242,E003,"[0.6831211597923829, 0.8016387816567432]"
S08606,L0200,E003,"[0.9665243956635962, 0.997672593150398]"
S08613,L0218,E003,"[0.9003986207635668, 0.7838963395014891]"
S08613,L0221,E003,"[0.9503068701260704, 0.7453396426538131]"
S08614,L0206,E003,"[0.8641408831531343, 0.6147144166161278]"
S08616,L0219,E003,"[0.5852457206799616, 0.5096145872479693]"
S08616,L0225,E003,"[0.9402322384393688, 0.5020121420979711]"
S08625,L0218,E003,"[0.9978561668977258, 0.9683498852295459]"
S08627,L0216,E003,"[0.6496778216415664, 0.6350889347745483]"
S08628,L0239,E003,"[0.8800387007825656, 0.7801079697809997]"
S08636,L0239,E003,"[0.9360843347038128, 0.41807670850429285]"
S08637,L0231,E003,"[0.647588799328934, 0.9947978345532246]"
S08644,L0216,E003,"[0.6696298870893987, 0.6922210476866766]"
S08651,L0227,E003,"[0.5488751354218181, 0.9857800643628708]"
S08652,L0216,E003,"[0.9600382897737031, 0.9169066316001855]"
S08653,L0224,E003,"[0.909919212673687, 0.7853313732756072]"
S08658,L0219,E003,"[0.5189012055119508, 0.8900842553050136]"
S08658,L0225,E003,"[0.6258795396888513, 0.9178163467531879]"
S08660,L0224,E003,"[0.865933799084579, 0.9548563233731328]"
S08682,L0243,E003,"[0.6168719189889761, 0.9759069387492654]"
S08683,L0200,E003,"[0.9781940626970668, 0.7304150090586246]"
S08686,L0219,E003,"[0.6015448648627144, 0.925564956001553]"
S08689,L0219,E003,"[0.8029431036809428, 0.9335639147307442]"
S08690,L0217,E003,"[0.9717847940419997, 0.3581669020321329]"
S08702,L0227,E003,"[0.20693922099273096, 0.9848569386674787]"
S08703,L0217,E003,"[0.5779312411507196, 0.0275524275103481]"
S08707,L0229,E003,"[0.7891487754057921, 0.7064195033305982]"
S08710,L0239,E003,"[0.40285678457884605, 0.34089648924009075]"
S08713,L0212,E003,"[0.813703087098237, 0.7581838563990917]"
S08713,L0221,E003,"[0.9642735877926737, 0.8713359644700809]"
S08722,L0212,E003,"[0.8803555047524694, 0.8835356830100732]"
S08722,L0221,E003,"[0.9996563641066515, 0.9979648178673773]"
S08725,L0236,E003,"[0.979405137676501, 0.9905920849251199]"
S08727,L0200,E003,"[0.7028533787036306, 0.6169310945250447]"
S08727,L0240,E003,"[0.9938591170639571, 0.9995616766191533]"
S08735,L0212,E003,"[0.5936448322971282, 0.6053496218879841]"
S08735,L0221,E003,"[0.5830003238746383, 0.6440403039817899]"
S08739,L0209,E003,"[0.22494769392020864, 0.8086943773663003]"
S08742,L0217,E003,"[0.9795726607301288, 0.6710674723056217]"
S08743,L0231,E003,"[0.9958311212455919, 0.9463353292840383]"
S08745,L0201,E003,"[0.4693433515684199, 0.5659562969759976]"
S08750,L0231,E003,"[0.8959381035793076, 0.9564948010524986]"
S08751,L0217,E003,"[0.9427841171456965, 0.21049119760334004]"
S08752,L0222,E003,"[0.9776772279402809, 0.9948472608972828]"
S08753,L0216,E003,"[0.7367138115101906, 0.371829975693466]"
S08766,L0227,E003,"[0.5940345888241942, 0.9108680551250768]"
S08767,L0215,E003,"[0.499086150038184, 0.7022405556953957]"
S08778,L0201,E003,"[0.9152967143169839, 0.6804674072180549]"
S08779,L0201,E003,"[0.3827393377040449, 0.7871221531418644]"
S08780,L0215,E003,"[0.8476290439745531, 0.9609550181109235]"
S08781,L0227,E003,"[0.1484092640968228, 0.8417410775551483]"
S08782,L0239,E003,"[0.8511594756755694, 0.18102243250560196]"
S08785,L0200,E003,"[0.9956597924663555, 0.9328073369483042]"
S08785,L0240,E003,"[0.9929035234223816, 0.9856622625811426]"
S08793,L0243,E003,"[0.6568161136136215, 0.8391386033650896]"
S08798,L0217,E003,"[0.6683787126410019, 0.028733747310636736]"
S08800,L0239,E003,"[0.8053675726987258, 0.9114701572352046]"
S08807,L0240,E003,"[0.9723901056348379, 0.9771781875027706]"
S08809,L0200,E003,"[0.8927035838434874, 0.5844463313617223]"
S08809,L0240,E003,"[0.8836473655457516, 0.942739955814534]"
S08816,L0227,E003,"[0.7920977482695549, 0.923091496841374]"
S08817,L0239,E003,"[0.8174889540969644, 0.37715388033430297]"
S08818,L0217,E003,"[0.9673399834390554, 0.09508213539917343]"
S08820,L0201,E003,"[0.5411399510734353, 0.8081765061225851]"
S08836,L0236,E003,"[0.8821187788144207, 0.9618071903721686]"
S08837,L0239,E003,"[0.8241397884342381, 0.11521295956567289]"
S08843,L0229,E003,"[0.9989376079572377, 0.998253587176705]"
S08844,L0216,E003,"[0.7745631632110354, 0.8601149553689768]"
S08853,L0216,E003,"[0.9022508728687635, 0.9632044689030165]"
S08854,L0240,E003,"[0.9644405868354297, 0.979482162871931]"
S08862,L0236,E003,"[0.9788889650349639, 0.9194407466220512]"
S08867,L0218,E003,"[0.9979585775302732, 0.9962680530421533]"
S08867,L0221,E003,"[0.9913190791765765, 0.988815899977789]"
S08869,L0215,E003,"[0.9948013967209057, 0.9990687972605157]"
S08875,L0219,E003,"[0.6608383720604181, 0.9190845446379897]"
S08883,L0218,E003,"[0.8445810880114482, 0.9382670431124586]"
S08883,L0221,E003,"[0.5885309841341672, 0.69084978185395]"
S08887,L0201,E003,"[0.008273075350117072, 0.2713973886409543]"
S08891,L0218,E003,"[0.9787530923007675, 0.9901993110054245]"
S08891,L0221,E003,"[0.9503476802118669, 0.9865154819187549]"
S08895,L0209,E003,"[0.3674619800710212, 0.9707001746130394]"
S08897,L0206,E003,"[0.8838785382082113, 0.42670309382022764]"
S08897,L0212,E003,"[0.7601924576313819, 0.8194303314389701]"
S08899,L0206,E003,"[0.994753273715605, 0.7404708323918683]"
S08899,L0212,E003,"[0.9821006011423344, 0.9456244457867716]"
S08901,L0200,E003,"[0.9968318982788652, 0.993700797276825]"
S08903,L0231,E003,"[0.8664632371644089, 0.9431069564310008]"
S08911,L0239,E003,"[0.8186181538755306, 0.9304294290194007]"
S08916,L0209,E003,"[0.8074348739312435, 0.8636817245904624]"
S08922,L0209,E003,"[0.5408808028260466, 0.9151679402177033]"
S08923,L0209,E003,"[0.29329074212133893, 0.5577321165837068]"
S08928,L0243,E003,"[0.9723481216191615, 0.9708547274925242]"
S08929,L0239,E003,"[0.8022658353768257, 0.6770948886284885]"
S08931,L0236,E003,"[0.9249179434258451, 0.8780592729558305]"
S08939,L0225,E003,"[0.9994505913898316, 0.9583885561764149]"
S08939,L0231,E003,"[0.9725570794957293, 0.9857195144133618]"
S08943,L0227,E003,"[0.5645951809380321, 0.972848467169]"
S08949,L0224,E003,"[0.5495437357425216, 0.7298280105817155]"
S08950,L0224,E003,"[0.5822120150166841, 0.8920747870086654]"
S08952,L0227,E003,"[0.6661953115451006, 0.8854269745476977]"
S08956,L0236,E003,"[0.8821762751406718, 0.8810259991683677]"
S08959,L0201,E003,"[0.2816083137394017, 0.7258385367187206]"
S08961,L0222,E003,"[0.7706641989853847, 0.955733956126393]"
S08965,L0216,E003,"[0.8786383093040707, 0.7900541670062385]"
S08969,L0229,E003,"[0.8747834761390768, 0.7716421450586698]"
S08969,L0242,E003,"[0.8012159435301102, 0.5707689993289653]"
S08971,L0240,E003,"[0.9179868749069641, 0.9017731617254634]"
S08976,L0215,E003,"[0.6893765520894187, 0.32619167756823064]"
S08977,L0239,E003,"[0.7163431416642958, 0.47669078855932345]"
S08979,L0215,E003,"[0.7755076743673452, 0.871252624104574]"
S08980,L0236,E003,"[0.8369214501368881, 0.8631094767319504]"
S08983,L0242,E003,"[0.715237231303592, 0.8116310811256376]"
S08987,L0215,E003,"[0.9903538431278823, 0.9752310014121459]"
S08998,L0200,E003,"[0.41298464282356256, 0.34004414414285555]"
S09000,L0212,E003,"[0.754543778795292, 0.9896913497178029]"
S09000,L0221,E003,"[0.9895267374928023, 0.9989482369910427]"
S09011,L0222,E003,"[0.8404043051937479, 0.8178615327228931]"
S09018,L0229,E003,"[0.9979031740717821, 0.9944969725034567]"
S09029,L0222,E003,"[0.9296816668608658, 0.9765935351832554]"
S09030,L0239,E003,"[0.7848138345656435, 0.9679672591900176]"
S09040,L0224,E003,"[0.8149341569771521, 0.756871534125582]"
S09047,L0200,E003,"[0.9909275754633414, 0.7818845524089375]"
S09049,L0231,E003,"[0.9854229596666112, 0.9743488965038216]"
S09061,L0239,E003,"[0.5332873077421552, 0.3811015361795128]"
S09065,L0225,E003,"[0.9040249274483056, 0.890311255509022]"
S09065,L0231,E003,"[0.8573689026997248, 0.9100273245670448]"
S09069,L0236,E003,"[0.6415449089701178, 0.9667155314980853]"
S09071,L0227,E003,"[0.7326573640474078, 0.8895392148481397]"
S09078,L0240,E003,"[0.9978941760045353, 0.9851535596329624]"
S09080,L0224,E003,"[0.718378993373608, 0.8322069999965486]"
S09082,L0206,E003,"[0.6406757970207261, 0.19059043324589106]"
S09082,L0212,E003,"[0.26701389290783045, 0.9102689541531422]"
S09086,L0231,E003,"[0.6530808462633486, 0.9214137072014595]"
S09088,L0215,E003,"[0.062043207622542895, 0.04131669582243277]"
S09094,L0219,E003,"[0.7080702312769968, 0.8808415103357863]"
S09101,L0236,E003,"[0.7448900651390494, 0.9120550300700879]"
S09107,L0219,E003,"[0.9295358578311002, 0.9832718336104279]"
S09107,L0225,E003,"[0.9904437249357609, 0.9927364806738795]"
S09111,L0217,E003,"[0.8977282830851763, 0.0743089609448794]"
S09125,L0243,E003,"[0.9853397184501946, 0.9949524649402595]"
S09136,L0200,E003,"[0.6176392791284703, 0.4920143815041558]"
S09136,L0240,E003,"[0.7764148478907653, 0.9338049985279239]"
S09140,L0215,E003,"[0.977235959873284, 0.9731470939161003]"
S09142,L0239,E003,"[0.32790539548839864, 0.384227732578795]"
S09144,L0200,E003,"[0.9692041434542813, 0.895884785291072]"
S09144,L0240,E003,"[0.9991939033431068, 0.9997488227234006]"
S09152,L0240,E003,"[0.9156937281687967, 0.9450773711722643]"
S09154,L0200,E003,"[0.49469234941195583, 0.6090094109398209]"
S09154,L0240,E003,"[0.7368597882689377, 0.9613985404479266]"
S09155,L0215,E003,"[0.5122987831075643, 0.5203453067222448]"
S09156,L0209,E003,"[0.9775640645623598, 0.849987306123242]"
S09158,L0206,E003,"[0.6756131896823844, 0.5986113502651966]"
S09164,L0219,E003,"[0.5533212756030715, 0.8506068169387145]"
S09181,L0216,E003,"[0.67572320317314, 0.5754626629983568]"
S09188,L0229,E003,"[0.9957369539543484, 0.6570483863345558]"
S09196,L0227,E003,"[0.6947235570397101, 0.900596574787098]"
S09199,L0219,E003,"[0.8441994152731841, 0.8559030043965075]"
S09199,L0225,E003,"[0.9589482191905906, 0.9085341145675231]"
S09205,L0206,E003,"[0.8792690642885386, 0.8458471824031197]"
S09205,L0212,E003,"[0.9493195263893424, 0.9092958412679493]"
S09208,L0219,E003,"[0.6430975619246293, 0.9830245522984161]"
S09208,L0225,E003,"[0.9906562878627567, 0.9861203345887779]"
S09214,L0218,E003,"[0.8566667001095623, 0.9973495653050598]"
S09227,L0229,E003,"[0.955190398133105, 0.8371969961232557]"
S09227,L0242,E003,"[0.7457902862547131, 0.4192481353131063]"
S09228,L0216,E003,"[0.3911509926912802, 0.30353895023775496]"
S09231,L0242,E003,"[0.8214136371635243, 0.8755266150786042]"
S09245,L0215,E003,"[0.4348382981535217, 0.6355296061416155]"
S09246,L0200,E003,"[0.23217453098436902, 0.848646723518115]"
S09248,L0227,E003,"[0.6015770241397491, 0.6589919969349495]"
S09250,L0201,E003,"[0.7104472938721306, 0.7104987831628676]"
S09255,L0243,E003,"[0.8530959896788561, 0.9267237701370075]"
S09259,L0222,E003,"[0.6290154893801059, 0.4063697927824672]"
S09262,L0212,E003,"[0.31532505791082666, 0.4370954363274193]"
S09262,L0221,E003,"[0.2780688037666701, 0.5840444795917316]"
S09264,L0206,E003,"[0.9358504580655798, 0.1939947399348528]"
S09264,L0212,E003,"[0.9777592234373994, 0.47351887630303846]"
S09265,L0239,E003,"[0.7917973675074116, 0.8803949140157603]"
S09270,L0201,E003,"[0.36718935416235415, 0.5370140804698001]"
S09271,L0215,E003,"[0.9697735741057647, 0.9919595833397071]"
S09274,L0206,E003,"[0.6241888904513179, 0.5837002903053294]"
S09274,L0212,E003,"[0.7693119528107143, 0.6680022105247903]"
S09276,L0218,E003,"[0.8828929951134392, 0.9209568033680829]"
S09277,L0239,E003,"[0.9814058961137685, 0.6292584505067395]"
S09280,L0239,E003,"[0.6224986216749689, 0.4145394505290067]"
S09281,L0217,E003,"[0.8279242075758638, 0.5049992891567731]"
S09282,L0222,E003,"[0.8020041683672826, 0.6549381132292856]"
S09288,L0224,E003,"[0.8848732009513172, 0.943812417231404]"
S09297,L0217,E003,"[0.9294249796468663, 0.5852559163746998]"
S09298,L0215,E003,"[0.8769248913273884, 0.7827999551557042]"
S09306,L0212,E003,"[0.9563917380145608, 0.9831978620150671]"
S09306,L0221,E003,"[0.9953913422252592, 0.9851339285060493]"
S09308,L0239,E003,"[0.8933563022436414, 0.6552747178661336]"
S09314,L0224,E003,"[0.8271765662365501, 0.8473208980271445]"
S09315,L0218,E003,"[0.9016512512358861, 0.9503920735327834]"
S09315,L0221,E003,"[0.8029574312957436, 0.7554719004812649]"
S09325,L0229,E003,"[0.9851353551416515, 0.9134059124938627]"
S09329,L0222,E003,"[0.9089274091581155, 0.9745249738449316]"
S09332,L0222,E003,"[0.8781017616792446, 0.944617661387756]"
S09338,L0242,E003,"[0.7434320280546403, 0.5777048562950521]"
S09339,L0200,E003,"[0.9727473397090447, 0.7949407128121689]"
S09341,L0219,E003,"[0.601439654747943, 0.9750757239922857]"
S09341,L0225,E003,"[0.904253789047414, 0.989621413102065]"
S09342,L0239,E003,"[0.5506302154741609, 0.18079432328423128]"
S09343,L0243,E003,"[0.8480161380961534, 0.8197096959665157]"
S09345,L0227,E003,"[0.03164563098072879, 0.7259170413426103]"
S09346,L0216,E003,"[0.9030671882569418, 0.8921738387693322]"
S09362,L0243,E003,"[0.9756362653351324, 0.9493486863489152]"
S09363,L0242,E003,"[0.6421429954457725, 0.8514960513731533]"
S09365,L0239,E003,"[0.479197122242723, 0.7167277111927393]"
S09366,L0229,E003,"[0.7852432205080201, 0.86683205533487]"
S09380,L0219,E003,"[0.8593155323402069, 0.9370663069515153]"
S09380,L0225,E003,"[0.9948956510068123, 0.941592092841984]"
S09382,L0201,E003,"[0.4458165077001473, 0.34199873269552494]"
S09396,L0224,E003,"[0.5858099613415926, 0.8962309177167724]"
S09397,L0215,E003,"[0.901272593680768, 0.8850519625474762]"
S09398,L0219,E003,"[0.7086921215201664, 0.8238261743039393]"
S09398,L0225,E003,"[0.9917892038600752, 0.8481866711422333]"
S09402,L0227,E003,"[0.6421026332663826, 0.9937206577582436]"
S09406,L0231,E003,"[0.7766266303869923, 0.7876173032738312]"
S09436,L0229,E003,"[0.8246434853675467, 0.8556828573252686]"
S09436,L0242,E003,"[0.6375413516345079, 0.6434611455667184]"
S09438,L0201,E003,"[0.09616332822293334, 0.35359367318276824]"
S09446,L0225,E003,"[0.9984634030191857, 0.9998445623178437]"
S09446,L0231,E003,"[0.9952440535030481, 0.9999311176793649]"
S09448,L0243,E003,"[0.9947217735139534, 0.9888741606878868]"
S09450,L0224,E003,"[0.7972742715962452, 0.9882888876208978]"
S09451,L0224,E003,"[0.8742558273101365, 0.9816229402811725]"
S09452,L0227,E003,"[0.6523692998262299, 0.9885914257335039]"
S09455,L0231,E003,"[0.9716223784377878, 0.9997856889835847]"
S09459,L0216,E003,"[0.6018489727833383, 0.6230904926886324]"
S09460,L0229,E003,"[0.7542146173404015, 0.940025961587221]"
S09460,L0242,E003,"[0.5243313443814382, 0.6057954357254007]"
S09463,L0212,E003,"[0.5254862221820285, 0.8685635425079336]"
S09463,L0221,E003,"[0.8510675034248971, 0.9802762652628209]"
S09470,L0219,E003,"[0.6292937729690418, 0.885264048378878]"
S09470,L0225,E003,"[0.9272096985773748, 0.8827665923168321]"
S09476,L0206,E003,"[0.9956555929108383, 0.8064509664726223]"
S09476,L0212,E003,"[0.9824800287549208, 0.9805788135920702]"
S09480,L0222,E003,"[0.8917647157466546, 0.7920353284560462]"
S09488,L0201,E003,"[0.055044044859138073, 0.010168272939888017]"
S09500,L0206,E003,"[0.23899469502155143, 0.1736214091119623]"
S09502,L0236,E003,"[0.8369001773767705, 0.8756469104815536]"
S09509,L0224,E003,"[0.8966690827933095, 0.9078919312894579]"
S09510,L0225,E003,"[0.9949270395542479, 0.982139892348456]"
S09510,L0231,E003,"[0.8901479504726048, 0.969301883236657]"
S09519,L0216,E003,"[0.6360004053933058, 0.9293406194066164]"
S09525,L0200,E003,"[0.873089942589006, 0.9836221060584998]"
S09529,L0206,E003,"[0.7795295120612888, 0.7140233297495951]"
S09532,L0225,E003,"[0.9370480041519887, 0.8933405289097459]"
S09532,L0231,E003,"[0.9034875761618996, 0.9209007033911935]"
S09533,L0227,E003,"[0.6999956542819143, 0.9851340812447865]"
S09540,L0216,E003,"[0.5641770215455011, 0.6439040443876934]"
S09542,L0218,E003,"[0.7349342269615423, 0.8581846826987287]"
S09542,L0221,E003,"[0.5978451437930336, 0.6434754796545732]"
S09543,L0217,E003,"[0.8309702751287473, 0.08656406841263388]"
S09546,L0243,E003,"[0.9059492022899779, 0.8600481732369059]"
S09554,L0219,E003,"[0.5883813530468615, 0.9148354735541353]"
S09564,L0200,E003,"[0.9959905200038376, 0.9176667730466275]"
S09564,L0240,E003,"[0.996275160347248, 0.931936106534868]"
S09569,L0242,E003,"[0.9729387176654608, 0.9139705243222724]"
S09571,L0215,E003,"[0.9306741839133384, 0.8632166009343945]"
S09573,L0217,E003,"[0.7921804514746162, 0.3651184310339183]"
S09577,L0219,E003,"[0.8036911976933181, 0.9787376960381309]"
S09581,L0225,E003,"[0.8438794045202938, 0.9841097444578407]"
S09581,L0231,E003,"[0.7226255584465135, 0.983661713023602]"
S09586,L0219,E003,"[0.800691609202501, 0.8863182711984796]"
S09589,L0206,E003,"[0.9852843051723628, 0.7630302132855709]"
S09593,L0229,E003,"[0.8581063953328086, 0.8778048926330986]"
S09593,L0242,E003,"[0.43754202327410635, 0.7118167809397891]"
S09596,L0200,E003,"[0.8975768763614115, 0.9681874920118745]"
S09596,L0240,E003,"[0.9227692572490013, 0.9822041851987547]"
S09606,L0200,E003,"[0.7630545212191241, 0.26967854544834663]"
S09606,L0240,E003,"[0.653213969869527, 0.34625809293988474]"
S09615,L0242,E003,"[0.34961341547439284, 0.6137798747307529]"
S09616,L0243,E003,"[0.7955520643383601, 0.9640037672359464]"
S09620,L0236,E003,"[0.8072011683508996, 0.7170127349845165]"
S09621,L0243,E003,"[0.9499619992347504, 0.9686251361996873]"
S09625,L0236,E003,"[0.8036237319492171, 0.8754119877968699]"
S09626,L0239,E003,"[0.9267304536149721, 0.9856045632011274]"
S09627,L0216,E003,"[0.576596485200063, 0.4840356435071866]"
S09628,L0215,E003,"[0.9774177856064249, 0.9599143128479453]"
S09637,L0236,E003,"[0.566885104876986, 0.6591334341998096]"
S09641,L0217,E003,"[0.9972636794308493, 0.16398630786622034]"
S09646,L0227,E003,"[0.5782560525334114, 0.9706279218218885]"
S09649,L0227,E003,"[0.7734738209370597, 0.99612989387886]"
S09655,L0216,E003,"[0.33311730628761743, 0.6347040959893714]"
S09666,L0224,E003,"[0.5283265082990541, 0.7507971241436674]"
S09676,L0217,E003,"[0.9983873822584832, 0.7856596693575538]"
S09677,L0209,E003,"[0.7218250770414413, 0.82896465377065]"
S09678,L0222,E003,"[0.7494543598801904, 0.6766624389370914]"
S09681,L0217,E003,"[0.9585396149719284, 0.8076815112856945]"
S09684,L0242,E003,"[0.1175381770046232, 0.49543240898833274]"
S09689,L0222,E003,"[0.8145019409788152, 0.9755050334158994]"
S09704,L0243,E003,"[0.9988114268426083, 0.9842677838945061]"
S09714,L0201,E003,"[0.7348177758992811, 0.9997005024697831]"
S09715,L0216,E003,"[0.1484919750513665, 0.09902248862563556]"
S09716,L0217,E003,"[0.942451253283864, 0.19979885972501424]"
S09717,L0212,E003,"[0.8941879041871493, 0.8442574334861113]"
S09717,L0221,E003,"[0.917397731177915, 0.8955287520057236]"
S09719,L0209,E003,"[0.7064244078883989, 0.7743658438295851]"
S09733,L0200,E003,"[0.8699993191591511, 0.5066835753901433]"
S09752,L0239,E003,"[0.9515900354602459, 0.5711764583625614]"
S09753,L0239,E003,"[0.3313480494680589, 0.5739961676623768]"
S09754,L0209,E003,"[0.7045571456373575, 0.9270161610731199]"
S09759,L0217,E003,"[0.7415726881844089, 0.507882619611543]"
S09765,L0217,E003,"[0.9661754061609586, 0.02617392610964983]"
S09767,L0222,E003,"[0.8096252309213244, 0.9497086608085931]"
S09770,L0239,E003,"[0.9100223102856569, 0.7291443726484125]"
S09776,L0236,E003,"[0.9590613425781834, 0.9561694573208369]"
S09777,L0218,E003,"[0.9347105057118518, 0.9535533633105785]"
S09777,L0221,E003,"[0.9407077256491115, 0.9279099015092385]"
S09780,L0212,E003,"[0.9355569624966403, 0.9220724553924244]"
S09780,L0221,E003,"[0.9488980625089848, 0.9322111047865663]"
S09790,L0229,E003,"[0.867097572147166, 0.7890970378901274]"
S09790,L0242,E003,"[0.6754670350775325, 0.6721567881858989]"
S09793,L0227,E003,"[0.7244359286475027, 0.9779589478686894]"
S09803,L0225,E003,"[0.9648260101113381, 0.9966183434599555]"
S09803,L0231,E003,"[0.8471180151933214, 0.996381098015645]"
S09811,L0224,E003,"[0.7349747911376066, 0.7094541146123152]"
S09812,L0240,E003,"[0.9948367186588265, 0.8993136005021654]"
S09818,L0209,E003,"[0.700226254745284, 0.669761962694952]"
S09819,L0201,E003,"[0.6282754807024408, 0.7029419941724925]"
S09824,L0201,E003,"[0.7626072073161776, 0.5742777866389136]"
S09827,L0217,E003,"[0.9975937567716627, 0.5302562249731505]"
S09828,L0229,E003,"[0.9926941867021618, 0.9879588250413145]"
S09828,L0242,E003,"[0.912462302705452, 0.7050044175067447]"
S09830,L0225,E003,"[0.967938179983333, 0.9914495785644514]"
S09830,L0231,E003,"[0.9639140527013873, 0.9896221776174802]"
S09831,L0229,E003,"[0.8752119132694355, 0.9988507757377629]"
S09831,L0242,E003,"[0.7891839651619328, 0.9554866494168122]"
S09833,L0224,E003,"[0.6545839926764274, 0.7831962850375336]"
S09837,L0216,E003,"[0.9588629267655986, 0.30599830370805237]"
S09841,L0215,E003,"[0.3033442745321131, 0.8680066256711202]"
S09844,L0227,E003,"[0.4989968596232687, 0.30481943863776445]"
S09846,L0206,E003,"[0.9910000510524156, 0.5010311937376459]"
S09856,L0217,E003,"[0.7809379511456465, 0.09457395857015538]"
S09860,L0229,E003,"[0.7265662895085676, 0.8504478701745714]"
S09861,L0209,E003,"[0.675912324030205, 0.9535244353938083]"
S09865,L0229,E003,"[0.9889048671174033, 0.8939441211699602]"
S09866,L0218,E003,"[0.6838585787252122, 0.9132360097569757]"
S09870,L0224,E003,"[0.8728767799335795, 0.9247147258831304]"
S09877,L0209,E003,"[0.7500276052329914, 0.9452262958999141]"
S09884,L0229,E003,"[0.8939526552837969, 0.9954544029041508]"
S09892,L0229,E003,"[0.6909397621642882, 0.9969806604892779]"
S09899,L0242,E003,"[0.9858836449044017, 0.9881985927104876]"
S09900,L0215,E003,"[0.20694846456155003, 0.754785667846406]"
S09903,L0201,E003,"[0.25730524160030094, 0.4498007630277171]"
S09904,L0227,E003,"[0.30105037379762273, 0.9847525718530682]"
S09908,L0200,E003,"[0.8436208517760964, 0.7980974276086047]"
S09911,L0209,E003,"[0.7359650788266736, 0.9796016228476773]"
S09913,L0243,E003,"[0.9044489386608723, 0.9051434275492592]"
S09915,L0243,E003,"[0.9783823211152984, 0.9992669836639174]"
S09919,L0236,E003,"[0.9758476181876041, 0.9344628028441193]"
S09920,L0206,E003,"[0.771436823594079, 0.9434118886829004]"
S09920,L0212,E003,"[0.915111722519776, 0.9778222209822468]"
S09922,L0224,E003,"[0.03954626754448203, 0.1870126949769756]"
S09923,L0216,E003,"[0.44367362945704986, 0.44424204924281796]"
S09935,L0212,E003,"[0.8580646114881114, 0.8739473013428906]"
S09935,L0221,E003,"[0.9741341695853573, 0.9560307962025186]"
S09945,L0200,E003,"[0.7895469360446966, 0.8996155432068735]"
S09951,L0219,E003,"[0.5940837468869402, 0.8535854659964043]"
S09952,L0216,E003,"[0.6191430455944867, 0.7628800752942013]"
S09961,L0224,E003,"[0.6298411231277555, 0.6794805804753836]"
S09964,L0240,E003,"[0.9982100800140663, 0.9958585394246053]"
S09969,L0239,E003,"[0.8968008712449766, 0.6045950166507964]"
S09971,L0216,E003,"[0.8128204711577531, 0.5745953857247909]"
S09972,L0215,E003,"[0.8617766230214695, 0.7169932041162091]"
S09977,L0229,E003,"[0.955436543134795, 0.7094011310943731]"
S09977,L0242,E003,"[0.9150624809995549, 0.5747106730041234]"
S10000,L0209,E003,"[0.6991902800848956, 0.9086282070732721]"
S08508,L0239,E005,"[0.062025894704116145, 0.020669295788559076]"
S08510,L0216,E005,"[0.4389830519054451, 0.2469053869227985]"
S08512,L0201,E005,"[0.13225349426978827, 0.29137031133081487]"
S08515,L0218,E005,"[0.07619622684104853, 0.16721857370599078]"
S08515,L0221,E005,"[0.17554439839271732, 0.6843778952458488]"
S08529,L0200,E005,"[0.20311404478839473, 0.36148190417054576]"
S08532,L0209,E005,"[0.007662779016442748, 0.007832063909306818]"
S08537,L0243,E005,"[0.38798865526525933, 0.5215415587455414]"
S08540,L0227,E005,"[0.007524392001799423, 0.00827003894594193]"
S08546,L0201,E005,"[0.2755780832556647, 0.038446865572213336]"
S08558,L0236,E005,"[0.010204776287284249, 0.022834571747972522]"
S08561,L0216,E005,"[0.7691629748617363, 0.4716610651047113]"
S08566,L0215,E005,"[0.411096545773765, 0.37577910740229814]"
S08574,L0227,E005,"[0.008795245251464634, 0.07498095756683137]"
S08575,L0212,E005,"[0.019155096533329117, 0.02548687077957055]"
S08575,L0221,E005,"[0.0252672198052814, 0.06721869093759505]"
S08576,L0243,E005,"[0.8060524688343911, 0.680619252969979]"
S08582,L0217,E005,"[0.611399742805508, 0.004921287007412025]"
S08594,L0240,E005,"[0.15089836585982985, 0.056878292737538375]"
S08600,L0236,E005,"[0.005763969937978907, 0.0359180665600524]"
S08606,L0218,E005,"[0.7045147134510016, 0.8294489146055622]"
S08613,L0201,E005,"[0.6470503381059638, 0.342606424790409]"
S08614,L0215,E005,"[0.8344057536429698, 0.5099496645464623]"
S08616,L0216,E005,"[0.8019469789002743, 0.6493983516275676]"
S08625,L0206,E005,"[0.6398130880594691, 0.005144862312454875]"
S08627,L0224,E005,"[0.012251577085564102, 0.013357885604276245]"
S08628,L0219,E005,"[0.005077329111979296, 0.0380342007215451]"
S08636,L0219,E005,"[0.004576626672643626, 0.21223161392997375]"
S08636,L0225,E005,"[0.8830628027647552, 0.8693753032761923]"
S08637,L0224,E005,"[0.008343902979070537, 0.021632493594516643]"
S08645,L0212,E005,"[0.6715790434084431, 0.987719595734792]"
S08645,L0221,E005,"[0.982215400468626, 0.9123228722138459]"
S08651,L0217,E005,"[0.5892264041386338, 0.004490179570795392]"
S08652,L0224,E005,"[0.056248660525213975, 0.02896062256132229]"
S08653,L0200,E005,"[0.28679944340990265, 0.2969925111320116]"
S08658,L0216,E005,"[0.01845819848394553, 0.008548475550674992]"
S08660,L0200,E005,"[0.6499927628434863, 0.4877611402828294]"
S08660,L0240,E005,"[0.7008876476385082, 0.5781397536168806]"
S08682,L0239,E005,"[0.2083538950715437, 0.08056797776595664]"
S08683,L0218,E005,"[0.5204866106755112, 0.647199251869202]"
S08685,L0212,E005,"[0.12034624854623022, 0.01520884727267672]"
S08685,L0221,E005,"[0.07524903348534677, 0.13476263134999159]"
S08686,L0216,E005,"[0.25645986364349493, 0.16428583005661082]"
S08689,L0216,E005,"[0.31227933715560946, 0.39108845196448583]"
S08690,L0236,E005,"[0.0198940143317842, 0.01011994020112715]"
S08702,L0242,E005,"[0.036550239087590544, 0.0053351996611642125]"
S08703,L0243,E005,"[0.5027030775156638, 0.32470394188151247]"
S08707,L0217,E005,"[0.04048215421752558, 0.0053929550463447705]"
S08710,L0219,E005,"[0.03404293367391145, 0.03015607686314576]"
S08710,L0225,E005,"[0.0798049987421278, 0.06083502192615346]"
S08713,L0201,E005,"[0.055332269753967454, 0.05596146273053762]"
S08722,L0201,E005,"[0.014344259571028023, 0.03182963478953256]"
S08723,L0229,E005,"[0.32474939712646583, 0.2273029950951598]"
S08723,L0242,E005,"[0.013702781454920673, 0.006543239359569741]"
S08725,L0209,E005,"[0.014460752451050073, 0.02255079690607374]"
S08732,L0206,E005,"[0.48306550367688017, 0.004277899376480434]"
S08732,L0212,E005,"[0.3227071198448608, 0.028845829340583305]"
S08735,L0201,E005,"[0.03139608548940643, 0.06996663757214963]"
S08739,L0222,E005,"[0.11914698845406903, 0.13795282554565774]"
S08743,L0224,E005,"[0.14936831069869536, 0.4135031780281394]"
S08750,L0224,E005,"[0.03158021229833239, 0.21164328584257244]"
S08751,L0243,E005,"[0.4411680639552708, 0.4987888003995816]"
S08752,L0231,E005,"[0.5230015960803682, 0.7782913986138116]"
S08765,L0229,E005,"[0.46901268138385394, 0.3712616142555029]"
S08765,L0242,E005,"[0.01367456806456711, 0.020624734551340927]"
S08766,L0242,E005,"[0.10870819087246877, 0.01861676697422886]"
S08767,L0229,E005,"[0.23013878782940012, 0.045799286678540475]"
S08771,L0218,E005,"[0.5311869170145747, 0.7102279618611644]"
S08771,L0221,E005,"[0.3196413079343197, 0.04690159428529972]"
S08778,L0227,E005,"[0.009818569723790155, 0.4063252164564282]"
S08779,L0227,E005,"[0.02087747141058936, 0.06549527891326702]"
S08780,L0227,E005,"[0.00993253462163217, 0.039462007438417795]"
S08781,L0242,E005,"[0.02075969653599774, 0.0038160402353821453]"
S08782,L0219,E005,"[0.0063578495203913355, 0.035800198463476256]"
S08790,L0212,E005,"[0.4864367078453195, 0.8975916911141183]"
S08790,L0221,E005,"[0.08519807188946803, 0.1723430615233607]"
S08791,L0206,E005,"[0.6196545211880089, 0.004581246912516878]"
S08791,L0212,E005,"[0.3003036707528089, 0.20905453277684094]"
S08793,L0239,E005,"[0.2623200160437697, 0.10632110315959825]"
S08795,L0212,E005,"[0.017938826300139182, 0.005349361878784675]"
S08795,L0221,E005,"[0.0298902040115572, 0.016622394395685955]"
S08798,L0243,E005,"[0.05984714235235711, 0.04514410650426196]"
S08800,L0219,E005,"[0.005359782337479043, 0.4157979002546831]"
S08800,L0225,E005,"[0.4173783429186685, 0.3504355124756879]"
S08815,L0218,E005,"[0.5281993068617319, 0.5708862422475547]"
S08815,L0221,E005,"[0.2660990184943305, 0.060093672941849606]"
S08816,L0217,E005,"[0.3757706436603563, 0.005644453485540419]"
S08817,L0219,E005,"[0.00542358633066679, 0.12330736839810058]"
S08817,L0225,E005,"[0.7603218650792062, 0.09695451522894213]"
S08818,L0236,E005,"[0.026939130429600645, 0.30216095866387604]"
S08820,L0227,E005,"[0.13669482166224842, 0.41900936491335866]"
S08836,L0209,E005,"[0.9517718629738509, 0.8623330429764792]"
S08837,L0219,E005,"[0.015257433937785479, 0.07846387110814101]"
S08837,L0225,E005,"[0.33749401370151133, 0.3564657516570281]"
S08843,L0217,E005,"[0.8438723780078993, 0.004620893858636916]"
S08853,L0224,E005,"[0.010908997542281775, 0.02802697815229307]"
S08862,L0209,E005,"[0.043441005621508905, 0.023621843726208538]"
S08867,L0201,E005,"[0.644320609007925, 0.19440756149795402]"
S08869,L0229,E005,"[0.6360474918666826, 0.8441033514397728]"
S08875,L0216,E005,"[0.23516780367939744, 0.5466865513737997]"
S08883,L0201,E005,"[0.3762207199157106, 0.5687510238805492]"
S08889,L0206,E005,"[0.1490940930635063, 0.013831347496466005]"
S08889,L0212,E005,"[0.0062522380971223954, 0.05260953050729871]"
S08891,L0201,E005,"[0.5032047434263341, 0.977002883142515]"
S08895,L0222,E005,"[0.0486249576507172, 0.04390588515836693]"
S08897,L0215,E005,"[0.1282234374054519, 0.016158023427854894]"
S08899,L0215,E005,"[0.10020079457165477, 0.421213863922087]"
S08901,L0218,E005,"[0.8022296531322474, 0.6220364152788703]"
S08903,L0224,E005,"[0.05462873720664604, 0.02606484189905329]"
S08905,L0240,E005,"[0.515846492743059, 0.47829788754483965]"
S08911,L0219,E005,"[0.007045812092695467, 0.20522701595035675]"
S08911,L0225,E005,"[0.34705199062605185, 0.2688148127779754]"
S08916,L0222,E005,"[0.5764617377894106, 0.6242320901796525]"
S08922,L0222,E005,"[0.1236271469601745, 0.30759420330892684]"
S08923,L0222,E005,"[0.1495200666487797, 0.06770595968578169]"
S08928,L0239,E005,"[0.4633186950042731, 0.15678357401873871]"
S08929,L0219,E005,"[0.05607347367991738, 0.24843601023803433]"
S08929,L0225,E005,"[0.20450938036988864, 0.09418752514654558]"
S08931,L0209,E005,"[0.023661890328832053, 0.028934433701176144]"
S08943,L0242,E005,"[0.008538833767145584, 0.00358264952224808]"
S08949,L0200,E005,"[0.03317356378632821, 0.18289458326111274]"
S08949,L0240,E005,"[0.33361322859594633, 0.3892850827462792]"
S08950,L0200,E005,"[0.05143743759040862, 0.11673408611299098]"
S08950,L0240,E005,"[0.6253650859084061, 0.5620736199851087]"
S08952,L0217,E005,"[0.1591646141067029, 0.011112529032010513]"
S08956,L0209,E005,"[0.14696885497670392, 0.5826991486968467]"
S08961,L0225,E005,"[0.10812672765283723, 0.6781096115434577]"
S08961,L0231,E005,"[0.41408775160570077, 0.6487418297171195]"
S08973,L0229,E005,"[0.3967380863893281, 0.3283224089575924]"
S08973,L0242,E005,"[0.05903415025135053, 0.0063736989360336175]"
S08976,L0229,E005,"[0.6449051133204855, 0.6578246555976843]"
S08977,L0219,E005,"[0.018730297417755573, 0.4434523660174599]"
S08977,L0225,E005,"[0.368522993531863, 0.4220665619613902]"
S08979,L0227,E005,"[0.007898122780433057, 0.18812080399407863]"
S08980,L0209,E005,"[0.13725940881819373, 0.02542922638116759]"
S08983,L0236,E005,"[0.03814198424810312, 0.5586497467051824]"
S08987,L0229,E005,"[0.8559997791487353, 0.7780642764490686]"
S08993,L0206,E005,"[0.1587636315867635, 0.005099037288482527]"
S08993,L0212,E005,"[0.04586661008254363, 0.11138952749035218]"
S08997,L0218,E005,"[0.5541275121813977, 0.7172582647957507]"
S08997,L0221,E005,"[0.02073260209189623, 0.02085062208630118]"
S08998,L0218,E005,"[0.30216787516532095, 0.468896059909527]"
S09000,L0201,E005,"[0.11443582162879799, 0.050310016173442315]"
S09011,L0231,E005,"[0.3574553585087564, 0.8905763876459513]"
S09018,L0217,E005,"[0.6179218532676217, 0.008063531089683306]"
S09029,L0225,E005,"[0.7102012549042085, 0.8749079312779917]"
S09029,L0231,E005,"[0.6967995210164162, 0.7181942294049608]"
S09030,L0219,E005,"[0.08983435553432614, 0.9380035031515531]"
S09040,L0200,E005,"[0.06470262047123904, 0.07477393531121387]"
S09047,L0218,E005,"[0.08352861158743836, 0.23286680342556432]"
S09061,L0219,E005,"[0.030159136445701906, 0.09997974899829692]"
S09067,L0229,E005,"[0.4871482364519695, 0.2774383217848283]"
S09067,L0242,E005,"[0.1120425264857529, 0.005979817081038221]"
S09069,L0209,E005,"[0.6975652693610975, 0.783674790031445]"
S09071,L0217,E005,"[0.4399842829370251, 0.0040327429004153375]"
S09073,L0206,E005,"[0.060391905786604916, 0.006809331573238805]"
S09073,L0212,E005,"[0.03795910232954005, 0.01588369599841115]"
S09080,L0200,E005,"[0.24494570771325708, 0.30984435740885]"
S09082,L0215,E005,"[0.009747737926770353, 0.010504600063650678]"
S09086,L0224,E005,"[0.006016688926078248, 0.008178023064624031]"
S09088,L0227,E005,"[0.004539625653842296, 0.009228873938646678]"
S09092,L0206,E005,"[0.6593206209477015, 0.004861851206641036]"
S09092,L0212,E005,"[0.5037907173367631, 0.01651401304559536]"
S09094,L0216,E005,"[0.6828623165072721, 0.34808235518645025]"
S09101,L0209,E005,"[0.1041674435330199, 0.3349900691263781]"
S09107,L0216,E005,"[0.7105437802403173, 0.6179972660886772]"
S09111,L0236,E005,"[0.008230250741230358, 0.01211640699842783]"
S09125,L0239,E005,"[0.03767234084299343, 0.1304476849186013]"
S09128,L0212,E005,"[0.06317421228393312, 0.012539845872182268]"
S09128,L0221,E005,"[0.03136770163723536, 0.028716001778238815]"
S09140,L0227,E005,"[0.006861049453253905, 0.06348317896888696]"
S09142,L0219,E005,"[0.020661585258074832, 0.2915121948276157]"
S09155,L0229,E005,"[0.4359034110403329, 0.22377996828187324]"
S09156,L0222,E005,"[0.8907847251597857, 0.6931953545868289]"
S09158,L0215,E005,"[0.5696541264250743, 0.45255718162711794]"
S09164,L0216,E005,"[0.5746194250721169, 0.2421604563272066]"
S09175,L0206,E005,"[0.7648301208844988, 0.005628979778290043]"
S09175,L0212,E005,"[0.36107718859777926, 0.3452066969937384]"
S09178,L0218,E005,"[0.1311657692696652, 0.8058077877468625]"
S09178,L0221,E005,"[0.050848963744495414, 0.042727568540535464]"
S09188,L0217,E005,"[0.8655002959213797, 0.030377617275487063]"
S09196,L0217,E005,"[0.7191541595831287, 0.0042425812136488526]"
S09199,L0216,E005,"[0.8680688396793957, 0.5934732833438915]"
S09203,L0229,E005,"[0.4108905326689734, 0.24711751126941095]"
S09205,L0215,E005,"[0.7372883342136662, 0.5379754803828628]"
S09208,L0216,E005,"[0.1937019623139836, 0.09878815876431314]"
S09209,L0240,E005,"[0.11296251013462603, 0.1312383443316737]"
S09214,L0206,E005,"[0.8931004223051177, 0.027254306068249867]"
S09228,L0224,E005,"[0.014647712722281898, 0.32018699753100976]"
S09231,L0236,E005,"[0.15195665829355345, 0.10544131365542221]"
S09234,L0218,E005,"[0.05180653093601499, 0.02311782462730926]"
S09234,L0221,E005,"[0.006274287332414625, 0.009784971388856624]"
S09245,L0227,E005,"[0.014986304047069684, 0.04278793221357266]"
S09246,L0218,E005,"[0.027655990129454678, 0.03609536199387074]"
S09248,L0242,E005,"[0.0307585900232992, 0.0051422311123028456]"
S09250,L0227,E005,"[0.01306936984112093, 0.07267044594707714]"
S09255,L0239,E005,"[0.23540825379546185, 0.07820436598524566]"
S09259,L0231,E005,"[0.13053365608431775, 0.031863103455621065]"
S09261,L0229,E005,"[0.7202143238023059, 0.9013304003302777]"
S09261,L0242,E005,"[0.056103908554359413, 0.013038193080171732]"
S09262,L0201,E005,"[0.07450832870674648, 0.2605559615726331]"
S09264,L0215,E005,"[0.02824513916718979, 0.6557716165977321]"
S09265,L0219,E005,"[0.008230968120501352, 0.17125880860535533]"
S09271,L0227,E005,"[0.010197856172908448, 0.07101231327670793]"
S09274,L0215,E005,"[0.4039056463937339, 0.34062183847046223]"
S09276,L0206,E005,"[0.9237892804640402, 0.004583426294231503]"
S09277,L0219,E005,"[0.010488936265104158, 0.019263913444764632]"
S09277,L0225,E005,"[0.05614637307919299, 0.06759568964295018]"
S09280,L0219,E005,"[0.01641446100659035, 0.21266072789957002]"
S09280,L0225,E005,"[0.38283793727198584, 0.03885868344600162]"
S09281,L0236,E005,"[0.027740916475796792, 0.028690042361990947]"
S09282,L0231,E005,"[0.6421365302583545, 0.9546915122073969]"
S09288,L0200,E005,"[0.6116566318025011, 0.2909101934020789]"
S09297,L0236,E005,"[0.21196177379981046, 0.6303155941847784]"
S09298,L0229,E005,"[0.19244934782072998, 0.5651225672069586]"
S09306,L0201,E005,"[0.3443114794487668, 0.05212457625524462]"
S09308,L0219,E005,"[0.008167892580794133, 0.6308112231545362]"
S09314,L0200,E005,"[0.035771797832729074, 0.41664824928926925]"
S09315,L0201,E005,"[0.11690594126323635, 0.22580924983616277]"
S09317,L0206,E005,"[0.39377554755038263, 0.004855679391125901]"
S09317,L0212,E005,"[0.06153148180437253, 0.27935181789660896]"
S09325,L0217,E005,"[0.31451741049944026, 0.05519115484460119]"
S09329,L0225,E005,"[0.45982526011055824, 0.33600015721643733]"
S09329,L0231,E005,"[0.5369339299373179, 0.4661186615907671]"
S09332,L0225,E005,"[0.9887160055388288, 0.39967179616020015]"
S09332,L0231,E005,"[0.93083952992044, 0.9565526162112216]"
S09338,L0236,E005,"[0.07396535847947147, 0.05975420057663298]"
S09339,L0218,E005,"[0.9290682117686252, 0.651276122511363]"
S09341,L0216,E005,"[0.26571545369514343, 0.677912336348596]"
S09342,L0219,E005,"[0.006104135630798697, 0.010964235301535653]"
S09343,L0239,E005,"[0.19885321451032087, 0.018958190516846732]"
S09345,L0217,E005,"[0.013742144681979257, 0.005502595532997689]"
S09346,L0224,E005,"[0.18497127715096465, 0.13896966914479159]"
S09350,L0243,E005,"[0.7349129042578416, 0.6888400072706719]"
S09351,L0243,E005,"[0.7030945878051541, 0.8173696033500538]"
S09352,L0243,E005,"[0.48349595834563236, 0.46081109759112987]"
S09362,L0239,E005,"[0.28444040723078257, 0.5442015837433417]"
S09363,L0236,E005,"[0.028576914190141838, 0.393056911527323]"
S09365,L0219,E005,"[0.0039290753387120035, 0.12211294827208308]"
S09366,L0217,E005,"[0.018982727426420855, 0.030202672939364333]"
S09378,L0218,E005,"[0.18168815949738557, 0.05798767960970325]"
S09378,L0221,E005,"[0.034915843458652535, 0.04328494728741711]"
S09380,L0216,E005,"[0.6656478315800318, 0.7411993333364331]"
S09386,L0240,E005,"[0.08456904752848812, 0.03841834707738471]"
S09387,L0240,E005,"[0.006266966797531626, 0.010180189354720615]"
S09396,L0200,E005,"[0.03904320504501706, 0.38247840926389115]"
S09397,L0229,E005,"[0.8390820346893302, 0.8653583778408912]"
S09398,L0216,E005,"[0.5115909228729193, 0.45204456701282975]"
S09402,L0242,E005,"[0.0728523183602184, 0.0505774110090169]"
S09406,L0224,E005,"[0.009764409658122319, 0.007856425420969905]"
S09426,L0240,E005,"[0.02202286186556568, 0.011742098577083854]"
S09429,L0218,E005,"[0.1405888997451898, 0.060833781299211964]"
S09429,L0221,E005,"[0.058331268760582325, 0.033782092146298424]"
S09448,L0239,E005,"[0.07848383095858623, 0.08170172096115562]"
S09450,L0200,E005,"[0.040602832511826566, 0.4746115606258977]"
S09450,L0240,E005,"[0.3079307279509711, 0.39102713624796237]"
S09451,L0200,E005,"[0.3152212270418679, 0.09440541762841465]"
S09452,L0242,E005,"[0.006958236344034288, 0.0040475902668589275]"
S09455,L0224,E005,"[0.019361519867357832, 0.017360962064184516]"
S09459,L0224,E005,"[0.22821911270525028, 0.19806330359905894]"
S09463,L0201,E005,"[0.031851802147968775, 0.8859303132322985]"
S09470,L0216,E005,"[0.6064339685918536, 0.46259315719732036]"
S09474,L0243,E005,"[0.7327048860263766, 0.7714025689034177]"
S09476,L0215,E005,"[0.963647267523855, 0.9150427683993416]"
S09480,L0225,E005,"[0.13235182245786098, 0.013229119679298523]"
S09480,L0231,E005,"[0.16559246848010045, 0.22441663006946294]"
S09483,L0243,E005,"[0.10568534380131105, 0.007252397691043323]"
S09485,L0206,E005,"[0.8193525858881575, 0.008890133778807733]"
S09485,L0212,E005,"[0.16137188556057158, 0.27629627830370557]"
S09500,L0215,E005,"[0.4696576020841721, 0.3876932947361011]"
S09502,L0209,E005,"[0.006439141114179226, 0.011679955954528087]"
S09509,L0200,E005,"[0.014590711616161533, 0.028789775502820837]"
S09509,L0240,E005,"[0.060906047869155704, 0.09648309568027828]"
S09520,L0218,E005,"[0.9550949569118313, 0.6317707587557895]"
S09520,L0221,E005,"[0.5732241357977963, 0.09845845131284565]"
S09525,L0218,E005,"[0.7052644282339381, 0.6600830002188001]"
S09529,L0215,E005,"[0.6111982754920278, 0.34352315593448834]"
S09533,L0217,E005,"[0.4371908248035194, 0.004521582749067275]"
S09540,L0224,E005,"[0.3124163986210693, 0.6367343803413403]"
S09542,L0201,E005,"[0.3550104715644872, 0.6446103783125935]"
S09543,L0236,E005,"[0.10517135583249458, 0.027595800046284487]"
S09546,L0239,E005,"[0.5213800146031466, 0.4223280931566385]"
S09553,L0212,E005,"[0.09492740081411381, 0.22968428842858357]"
S09553,L0221,E005,"[0.2415208701823583, 0.09258922072042897]"
S09554,L0216,E005,"[0.15425853757740945, 0.09559116357546985]"
S09569,L0236,E005,"[0.010040898484623206, 0.00673506006860865]"
S09571,L0227,E005,"[0.020042991266356724, 0.0883358635411142]"
S09573,L0243,E005,"[0.4053728558297497, 0.5195110812520213]"
S09574,L0240,E005,"[0.585790823638402, 0.13955444571532688]"
S09577,L0216,E005,"[0.9036354014020784, 0.8138859248734959]"
S09579,L0243,E005,"[0.4982459754445451, 0.5905128241738574]"
S09580,L0240,E005,"[0.02048866114167862, 0.03817476898224712]"
S09586,L0216,E005,"[0.79885624083766, 0.9707643266406681]"
S09587,L0243,E005,"[0.8265842479269278, 0.4048727670234307]"
S09589,L0215,E005,"[0.8630533418056047, 0.9030196854604204]"
S09613,L0240,E005,"[0.3980515271654964, 0.10120099703807205]"
S09615,L0236,E005,"[0.005509170372160453, 0.007269517727662967]"
S09616,L0239,E005,"[0.07597428468676444, 0.028719147472054014]"
S09620,L0209,E005,"[0.5401161654285808, 0.7544151423862715]"
S09621,L0239,E005,"[0.48138510554380964, 0.06174848198148331]"
S09625,L0209,E005,"[0.8682097343303875, 0.9726039985838271]"
S09626,L0219,E005,"[0.01310722986247683, 0.34803466319775633]"
S09627,L0224,E005,"[0.31069767903135087, 0.10357754656612275]"
S09628,L0227,E005,"[0.015749990903888927, 0.02294408473293503]"
S09634,L0212,E005,"[0.005777247912454631, 0.016189296965460988]"
S09634,L0221,E005,"[0.025744265435153565, 0.018589620639462304]"
S09637,L0209,E005,"[0.13456158051910644, 0.13168680031329902]"
S09641,L0236,E005,"[0.24271635868370656, 0.03820023232084794]"
S09646,L0242,E005,"[0.015692037573195455, 0.005415619081252732]"
S09649,L0242,E005,"[0.7633300923651987, 0.5480640366596997]"
S09662,L0218,E005,"[0.6029610346021165, 0.6863902378489659]"
S09662,L0221,E005,"[0.029922502564594455, 0.04803338044440785]"
S09666,L0200,E005,"[0.0320958943396244, 0.5995114934833777]"
S09669,L0240,E005,"[0.6902187274891596, 0.7010636859637526]"
S09670,L0229,E005,"[0.9547685901700844, 0.9488684349885437]"
S09670,L0242,E005,"[0.15392480610244327, 0.15941215247667276]"
S09673,L0206,E005,"[0.11783325545115228, 0.004041349210448267]"
S09673,L0212,E005,"[0.041148546867127565, 0.007847180330498008]"
S09676,L0243,E005,"[0.9436006833814722, 0.9948489455371791]"
S09677,L0222,E005,"[0.585631562207546, 0.5610323441799693]"
S09678,L0231,E005,"[0.5448060631071797, 0.6003648191605967]"
S09681,L0236,E005,"[0.005805002888676597, 0.1889473833086959]"
S09684,L0236,E005,"[0.004171002799533296, 0.0047321957388869]"
S09689,L0231,E005,"[0.41789831499544045, 0.8325992478001701]"
S09704,L0239,E005,"[0.2913876717928097, 0.02391705947415741]"
S09707,L0229,E005,"[0.024011258706763253, 0.018904947644246165]"
S09707,L0242,E005,"[0.010363756956500842, 0.010861866900583645]"
S09714,L0227,E005,"[0.02192965256467084, 0.5435664006343446]"
S09716,L0236,E005,"[0.043047962989415295, 0.06975372106465735]"
S09717,L0201,E005,"[0.3530279775713827, 0.7401531914540315]"
S09719,L0222,E005,"[0.021299656214952223, 0.021991027519330197]"
S09733,L0218,E005,"[0.3975675012252546, 0.46294375246986386]"
S09740,L0229,E005,"[0.9310665569101974, 0.6043210965944168]"
S09740,L0242,E005,"[0.017042651325075316, 0.004038022915337897]"
S09752,L0219,E005,"[0.007170407234645216, 0.04547444665780563]"
S09752,L0225,E005,"[0.5431825540577748, 0.2500523989301934]"
S09753,L0219,E005,"[0.005671704933919491, 0.00483822164302663]"
S09754,L0222,E005,"[0.42894616654007567, 0.311270408367144]"
S09759,L0243,E005,"[0.5094325684546237, 0.4642062097828915]"
S09765,L0236,E005,"[0.025060014913898997, 0.016806252273770198]"
S09767,L0225,E005,"[0.5730147701826089, 0.15929633808324836]"
S09767,L0231,E005,"[0.10204622121081611, 0.476068552483866]"
S09770,L0219,E005,"[0.012405837506784817, 0.05195349411446218]"
S09770,L0225,E005,"[0.1762954985773076, 0.021097679242161865]"
S09776,L0209,E005,"[0.01607770569156745, 0.012255632339214593]"
S09777,L0201,E005,"[0.6770891359696221, 0.5586890301652707]"
S09780,L0201,E005,"[0.8872876662653914, 0.5898506876734828]"
S09793,L0217,E005,"[0.05362069422177903, 0.004448796591156545]"
S09811,L0200,E005,"[0.23837430032516416, 0.1655212760777243]"
S09818,L0222,E005,"[0.4229222480486138, 0.11541222094185771]"
S09824,L0227,E005,"[0.014754728479223165, 0.016193433529716448]"
S09827,L0243,E005,"[0.9597097683475863, 0.941852928769567]"
S09833,L0200,E005,"[0.45106172781151616, 0.48911470904238197]"
S09841,L0229,E005,"[0.13099455430774698, 0.05767018553956714]"
S09844,L0217,E005,"[0.1848685669351461, 0.007034792457983452]"
S09846,L0215,E005,"[0.40601194850651956, 0.7079198226588547]"
S09856,L0236,E005,"[0.006119706085439478, 0.005221496471396495]"
S09857,L0240,E005,"[0.7872616097908913, 0.44981172349063614]"
S09860,L0217,E005,"[0.49749213974196443, 0.004743997988485681]"
S09861,L0222,E005,"[0.5291305569792711, 0.12699988164194956]"
S09862,L0229,E005,"[0.4879045335015158, 0.14195423923765071]"
S09862,L0242,E005,"[0.20177830997551302, 0.011371375902372067]"
S09865,L0217,E005,"[0.7978199331069253, 0.032286502683097865]"
S09866,L0206,E005,"[0.908707943542166, 0.008395364957211802]"
S09870,L0200,E005,"[0.7203738346003309, 0.6535935446982507]"
S09877,L0222,E005,"[0.5825278393119266, 0.3333492565352734]"
S09884,L0217,E005,"[0.048635804032686546, 0.005438252691909186]"
S09892,L0217,E005,"[0.31859773391989443, 0.007294262154893893]"
S09893,L0212,E005,"[0.017843672621456013, 0.0050196616487772835]"
S09893,L0221,E005,"[0.02398059071973495, 0.021526899919377774]"
S09894,L0206,E005,"[0.036950499887063275, 0.004640607705172863]"
S09894,L0212,E005,"[0.005385570866253154, 0.013477415239107574]"
S09899,L0236,E005,"[0.026191087693063407, 0.060496574289967825]"
S09900,L0229,E005,"[0.3681739424543821, 0.49656797997991725]"
S09903,L0227,E005,"[0.004780111548521025, 0.012507321921060948]"
S09904,L0217,E005,"[0.2687886702494159, 0.012481020665083829]"
S09907,L0229,E005,"[0.04275451153994906, 0.017383175653810368]"
S09907,L0242,E005,"[0.004717106515638148, 0.004816603292432965]"
S09908,L0218,E005,"[0.40161448299542046, 0.5245716615122228]"
S09911,L0222,E005,"[0.31819344856584947, 0.06541310886944082]"
S09913,L0239,E005,"[0.37892389290446166, 0.031074350042812688]"
S09915,L0239,E005,"[0.025651605800445728, 0.050170884862194565]"
S09919,L0209,E005,"[0.9431917213544623, 0.824954455726686]"
S09920,L0215,E005,"[0.8655563551405916, 0.42435985444450525]"
S09922,L0200,E005,"[0.006300497847095247, 0.01921090649948341]"
S09922,L0240,E005,"[0.02245184545551882, 0.11759404333315439]"
S09923,L0224,E005,"[0.008198261422534901, 0.010933891458043387]"
S09934,L0243,E005,"[0.07391662229899658, 0.08327835583836939]"
S09935,L0201,E005,"[0.5456318162060702, 0.8438100910258782]"
S09945,L0218,E005,"[0.2573246668621591, 0.11937337828436262]"
S09951,L0216,E005,"[0.4492792959520418, 0.43439629603240704]"
S09961,L0200,E005,"[0.04289959356113377, 0.015090526373713137]"
S09961,L0240,E005,"[0.04814626209434369, 0.10728750863790905]"
S09969,L0219,E005,"[0.005148236473071209, 0.04200981618205848]"
S09969,L0225,E005,"[0.46829938551300904, 0.07059436834239424]"
S09971,L0224,E005,"[0.06088297554704182, 0.11136440609251276]"
S09972,L0229,E005,"[0.6401741134161496, 0.6255053864486372]"
S10000,L0222,E005,"[0.4948983824851618, 0.35880612390177224]"
S08508,L0219,E007,"[0.20832683740131192, 0.634991375498956]"
S08508,L0225,E007,"[0.9063619710670626, 0.7949231234067491]"
S08512,L0227,E007,"[0.004845351139546159, 0.12307721853250238]"
S08515,L0201,E007,"[0.7784806529943987, 0.9942852560114106]"
S08529,L0218,E007,"[0.7368826108988118, 0.775752684135911]"
S08532,L0222,E007,"[0.7716829115041532, 0.8101534269873102]"
S08537,L0239,E007,"[0.6958135071838436, 0.10573243413795044]"
S08540,L0217,E007,"[0.6019072288807784, 0.0037602265517782552]"
S08546,L0227,E007,"[0.005400275455658513, 0.009703414545092916]"
S08554,L0229,E007,"[0.9981626197429588, 0.9967470427883558]"
S08554,L0242,E007,"[0.9015220437993874, 0.9145254618974187]"
S08555,L0218,E007,"[0.9109162616758552, 0.9855437817138526]"
S08555,L0221,E007,"[0.7691886211428375, 0.5847661908434545]"
S08558,L0209,E007,"[0.7065859018596676, 0.7035458909335741]"
S08561,L0224,E007,"[0.6901196247640908, 0.47756913763309966]"
S08566,L0229,E007,"[0.932269819630224, 0.9389345416228748]"
S08574,L0217,E007,"[0.5553914989454363, 0.007805585089695316]"
S08575,L0201,E007,"[0.8412375729288422, 0.9977083045064628]"
S08576,L0239,E007,"[0.8875453620495675, 0.03897409672397503]"
S08578,L0206,E007,"[0.9419883568293939, 0.22875696464215145]"
S08578,L0212,E007,"[0.6381499179277093, 0.5387847169501953]"
S08582,L0243,E007,"[0.9765738068281881, 0.9566744355282566]"
S08590,L0212,E007,"[0.693404076822494, 0.6841087236448398]"
S08590,L0221,E007,"[0.6432161317394774, 0.5960503664401455]"
S08600,L0209,E007,"[0.8363208953714619, 0.9070514336568453]"
S08606,L0206,E007,"[0.9097747423144155, 0.007661923305618554]"
S08614,L0229,E007,"[0.9666724922879627, 0.9811255304959705]"
S08625,L0215,E007,"[0.9706705241648423, 0.9785778362153692]"
S08627,L0200,E007,"[0.4131287890152195, 0.04976705413493265]"
S08628,L0216,E007,"[0.647109895637759, 0.6556085449089922]"
S08636,L0216,E007,"[0.7445268091262576, 0.948389735863013]"
S08637,L0200,E007,"[0.9901161399450786, 0.6011096930043568]"
S08637,L0240,E007,"[0.9998524891285216, 0.9999446951350391]"
S08651,L0236,E007,"[0.006855672655784871, 0.27450101996641885]"
S08652,L0200,E007,"[0.8625090448949608, 0.5799797955082101]"
S08682,L0219,E007,"[0.33504599587829537, 0.9756148819836494]"
S08683,L0206,E007,"[0.9436787081530613, 0.1039307069018044]"
S08686,L0224,E007,"[0.3420056005593586, 0.5342702469008732]"
S08689,L0224,E007,"[0.6064066866980297, 0.7261254314267245]"
S08690,L0209,E007,"[0.9451594076137587, 0.9213028618622849]"
S08702,L0236,E007,"[0.5775440517202866, 0.13101075553706873]"
S08703,L0239,E007,"[0.7085805171991612, 0.38758108365927263]"
S08707,L0243,E007,"[0.9785441612244946, 0.9841791050728245]"
S08710,L0216,E007,"[0.8764313859427625, 0.7729803090432467]"
S08713,L0227,E007,"[0.004672656401906998, 0.9909808241526896]"
S08722,L0227,E007,"[0.008170536357705697, 0.06909186443238921]"
S08725,L0222,E007,"[0.9613398006044654, 0.9800338570645152]"
S08727,L0206,E007,"[0.6879790022127761, 0.006251608419581225]"
S08727,L0212,E007,"[0.1638134068317129, 0.04016729743734557]"
S08735,L0227,E007,"[0.006912465235976098, 0.7696648898099846]"
S08739,L0225,E007,"[0.9863174210249033, 0.9931789779380454]"
S08739,L0231,E007,"[0.824460705646164, 0.9916716065427829]"
S08742,L0239,E007,"[0.7061663797485059, 0.4113652915774185]"
S08743,L0200,E007,"[0.882827919981297, 0.4619533606109779]"
S08743,L0240,E007,"[0.9927846497008543, 0.9856801230564161]"
S08745,L0229,E007,"[0.9348873589358002, 0.949375621677859]"
S08745,L0242,E007,"[0.4744365764094619, 0.5362207430356274]"
S08750,L0200,E007,"[0.8749524147767034, 0.06995332426788058]"
S08750,L0240,E007,"[0.9583806305545358, 0.9842161502381742]"
S08751,L0239,E007,"[0.9963053903264926, 0.818306430130042]"
S08752,L0224,E007,"[0.7194637905898372, 0.20759447109198095]"
S08759,L0218,E007,"[0.5532285740126385, 0.5915739562537092]"
S08759,L0221,E007,"[0.4687356953728824, 0.47275185155272703]"
S08766,L0236,E007,"[0.21660173869368818, 0.5711496912017268]"
S08767,L0217,E007,"[0.7784860788001083, 0.0038920711675059505]"
S08771,L0201,E007,"[0.8767086225929438, 0.9952614190766927]"
S08778,L0242,E007,"[0.5218344357675982, 0.5633316347373035]"
S08780,L0217,E007,"[0.7240255454290044, 0.00615718963120794]"
S08781,L0236,E007,"[0.05933586230971382, 0.19646875930403052]"
S08782,L0216,E007,"[0.7000627861977736, 0.8454694684755923]"
S08785,L0206,E007,"[0.9926007163408892, 0.02897224769340602]"
S08785,L0212,E007,"[0.9803965028253347, 0.9059493878941991]"
S08790,L0201,E007,"[0.9904255544243366, 0.9997110425936859]"
S08791,L0215,E007,"[0.9909229937191277, 0.9722799418982707]"
S08793,L0219,E007,"[0.09753669107162766, 0.6391400062848097]"
S08794,L0218,E007,"[0.9936445458603698, 0.9986097088906457]"
S08794,L0221,E007,"[0.9691071152969407, 0.782313951209747]"
S08795,L0201,E007,"[0.5575204673029014, 0.6464030662571095]"
S08798,L0239,E007,"[0.9630656399704605, 0.9329417018475604]"
S08800,L0216,E007,"[0.7378446002059693, 0.731516488354422]"
S08807,L0212,E007,"[0.36484430414983593, 0.3668689919109496]"
S08807,L0221,E007,"[0.580201842163292, 0.7871490033577715]"
S08809,L0206,E007,"[0.6399264793031223, 0.1058177521259339]"
S08809,L0212,E007,"[0.6923306801816986, 0.5394990577704033]"
S08815,L0201,E007,"[0.678707058671187, 0.8043680465361122]"
S08816,L0236,E007,"[0.5770213140768393, 0.7814319818386719]"
S08817,L0216,E007,"[0.9866613651801419, 0.9849425590268964]"
S08818,L0209,E007,"[0.805614212139938, 0.8079294692118681]"
S08820,L0242,E007,"[0.25532493862749445, 0.43474746163140005]"
S08836,L0222,E007,"[0.9889210593967388, 0.997595225544548]"
S08837,L0216,E007,"[0.5489876781364122, 0.6324359014845571]"
S08843,L0243,E007,"[0.9975166401352571, 0.997059307925406]"
S08853,L0200,E007,"[0.8209417960143324, 0.14389232601835772]"
S08854,L0212,E007,"[0.08239277196233356, 0.07058428462497131]"
S08854,L0221,E007,"[0.2915279252509845, 0.6102322580295543]"
S08862,L0222,E007,"[0.95167777389696, 0.9764395403236461]"
S08869,L0217,E007,"[0.9855612518825005, 0.005397712974933296]"
S08887,L0229,E007,"[0.9845730294366546, 0.990937961878107]"
S08887,L0242,E007,"[0.765777177571701, 0.8944713874938796]"
S08889,L0215,E007,"[0.8810508624373796, 0.9972422361078374]"
S08890,L0218,E007,"[0.9605040086699174, 0.9972337122912593]"
S08890,L0221,E007,"[0.9338657092021868, 0.9577194974981446]"
S08895,L0225,E007,"[0.9989919015334192, 0.9998127555715928]"
S08895,L0231,E007,"[0.997644125791363, 0.999507275074778]"
S08897,L0227,E007,"[0.00537446141668517, 0.006555429123438441]"
S08899,L0227,E007,"[0.004646479758134727, 0.004869600747321731]"
S08901,L0206,E007,"[0.9915709945516484, 0.031317513807937576]"
S08903,L0200,E007,"[0.9206116528813457, 0.09397716033092417]"
S08903,L0240,E007,"[0.9286875139294475, 0.9706405332226923]"
S08911,L0216,E007,"[0.8652723361531635, 0.962669728300521]"
S08916,L0231,E007,"[0.5680768166228314, 0.6584553423649643]"
S08922,L0231,E007,"[0.9368656794718738, 0.9962881812227179]"
S08923,L0231,E007,"[0.6057184320821186, 0.6963737053579474]"
S08928,L0219,E007,"[0.34550232892387905, 0.6141270963154172]"
S08928,L0225,E007,"[0.9159201309259435, 0.9308390261488676]"
S08929,L0216,E007,"[0.7770851244991697, 0.8998582220570139]"
S08931,L0222,E007,"[0.679361442479639, 0.7293956705121571]"
S08935,L0218,E007,"[0.995728632313056, 0.9965724712414725]"
S08935,L0221,E007,"[0.9875909663005661, 0.9393281033071406]"
S08939,L0240,E007,"[0.9996359245063496, 0.9999558423895751]"
S08943,L0236,E007,"[0.5183076528637769, 0.6937057310887563]"
S08952,L0236,E007,"[0.3039865339691934, 0.30872524329868073]"
S08956,L0222,E007,"[0.7742513369119938, 0.8357607067353355]"
S08959,L0229,E007,"[0.9856714018655869, 0.9049118265725375]"
